/* Animacion CODE/KEEB de la pantalla derecha. GENERADO por
 * tools/codekeeb_logo/gen.py: no editar a mano. 48 fotogramas,
 * 75 ms cada uno. */
#include <lvgl.h>

#ifndef LV_ATTRIBUTE_MEM_ALIGN
#define LV_ATTRIBUTE_MEM_ALIGN
#endif

static const LV_ATTRIBUTE_MEM_ALIGN uint8_t codekeeb_logo_00_map[] = {
#if CONFIG_NICE_OLED_WIDGET_INVERTED
    0x00, 0x00, 0x00, 0xff, 0xff, 0xff, 0xff, 0xff,
#else
    0xff, 0xff, 0xff, 0xff, 0x00, 0x00, 0x00, 0xff,
#endif
    0x00, 0x00, 0x00, 0x00, 0x00, 0x00, 0x00, 0x00, 0x00, 0x00, 0x00, 0x00, 0x00, 0x00, 0x00, 0x00, 0x00, 0x00,
    0x00, 0x00, 0x00, 0x00, 0x00, 0x00, 0x00, 0x00, 0x00, 0x00, 0x00, 0x00, 0x00, 0x00, 0x00, 0x00, 0x00, 0x00,
    0x00, 0x00, 0x00, 0x00, 0x00, 0x00, 0x00, 0x00, 0x00, 0x00, 0x00, 0x00, 0x00, 0x00, 0x00, 0x00, 0x00, 0x00,
    0x00, 0x00, 0x00, 0x00, 0x00, 0x00, 0x00, 0x00, 0x00, 0x00, 0x00, 0x00, 0x00, 0x00, 0x00, 0x00, 0x00, 0x00,
    0x00, 0x00, 0x00, 0x00, 0x00, 0x00, 0x00, 0x00, 0x00, 0x00, 0x00, 0x00, 0x00, 0x00, 0x00, 0x00, 0x00, 0x00,
    0x00, 0x00, 0x00, 0x00, 0x00, 0x00, 0x00, 0x00, 0x00, 0x00, 0x00, 0x00, 0x00, 0x00, 0x00, 0x00, 0x00, 0x00,
    0x00, 0x00, 0x00, 0x00, 0x00, 0x00, 0x00, 0x00, 0x00, 0x00, 0x00, 0x00, 0x00, 0x00, 0x00, 0x00, 0x00, 0x00,
    0x00, 0x00, 0x00, 0x00, 0x00, 0x00, 0x00, 0x00, 0x00, 0x00, 0x00, 0x00, 0x00, 0x00, 0x00, 0x00, 0x00, 0x00,
    0x00, 0x00, 0x00, 0x00, 0x00, 0x00, 0x00, 0x00, 0x00, 0x00, 0x00, 0x00, 0x00, 0x00, 0x00, 0x00, 0x00, 0x00,
    0x00, 0x00, 0x00, 0x00, 0x00, 0x00, 0x00, 0x00, 0x00, 0x00, 0x00, 0x00, 0x00, 0x00, 0x00, 0x00, 0x00, 0x00,
    0x00, 0x1e, 0x00, 0x00, 0x00, 0x00, 0x00, 0x00, 0x00, 0x00, 0x7f, 0x80, 0x1f, 0xc3, 0xf9, 0xfc, 0x3f, 0xe0,
    0x00, 0x6f, 0x80, 0x3f, 0xc7, 0xf9, 0xfe, 0x3f, 0xe0, 0x00, 0xdf, 0xc0, 0x7f, 0xcf, 0xf9, 0xff, 0x3f, 0xe0,
    0x01, 0xbf, 0x80, 0x70, 0x0e, 0x39, 0xc7, 0x38, 0x00, 0x01, 0x15, 0x80, 0xe0, 0x1c, 0x73, 0x8e, 0x70, 0x00,
    0x01, 0xbf, 0x80, 0xe0, 0x1c, 0x73, 0x8e, 0x7f, 0x00, 0x01, 0x15, 0x80, 0xe0, 0x1c, 0x73, 0x8e, 0x7f, 0x00,
    0x02, 0xbf, 0x00, 0xe0, 0x1c, 0x73, 0x8e, 0x70, 0x00, 0x02, 0x37, 0x01, 0xc0, 0x38, 0xe7, 0x1c, 0xe0, 0x00,
    0x02, 0xbf, 0x01, 0xff, 0x3f, 0xe7, 0xfc, 0xff, 0x80, 0x02, 0x37, 0x00, 0xff, 0x3f, 0xc7, 0xf8, 0xff, 0x80,
    0x06, 0xfe, 0x00, 0x7f, 0x3f, 0x87, 0xf0, 0xff, 0x80, 0x04, 0x56, 0x00, 0x00, 0x00, 0x00, 0x00, 0x00, 0x00,
    0x06, 0xfe, 0x00, 0x00, 0x00, 0x00, 0x00, 0x00, 0x00, 0x04, 0x56, 0x01, 0xc7, 0x3f, 0xe7, 0xfc, 0xff, 0x00,
    0x0a, 0xfc, 0x01, 0xce, 0x3f, 0xe7, 0xfc, 0xff, 0x80, 0x08, 0xdc, 0x01, 0xdc, 0x3f, 0xe7, 0xfc, 0xe3, 0x80,
    0x0a, 0xfc, 0x01, 0xf8, 0x38, 0x07, 0x00, 0xe3, 0x80, 0x08, 0xdc, 0x03, 0xe0, 0x70, 0x0e, 0x01, 0xce, 0x00,
    0x1b, 0xf8, 0x03, 0xc0, 0x7f, 0x0f, 0xe1, 0xfc, 0x00, 0x11, 0x58, 0x03, 0xe0, 0x7f, 0x0f, 0xe1, 0xfe, 0x00,
    0x1b, 0xf8, 0x03, 0xf0, 0x70, 0x0e, 0x01, 0xc7, 0x00, 0x11, 0x58, 0x07, 0x70, 0xe0, 0x1c, 0x03, 0x8e, 0x00,
    0x32, 0xb0, 0x07, 0x38, 0xff, 0x9f, 0xf3, 0xfe, 0x00, 0x12, 0x20, 0x07, 0x1c, 0xff, 0x9f, 0xf3, 0xfe, 0x00,
    0x1e, 0xe0, 0x07, 0x1c, 0xff, 0x9f, 0xf3, 0xfc, 0x00, 0x07, 0x80, 0x00, 0x00, 0x00, 0x00, 0x00, 0x00, 0x00,
    0x00, 0x00, 0x00, 0x00, 0x00, 0x00, 0x00, 0x00, 0x00, 0x00, 0x00, 0x00, 0x00, 0x00, 0x00, 0x00, 0x00, 0x00,
    0x00, 0x00, 0x00, 0x00, 0x00, 0x00, 0x00, 0x00, 0x00, 0x00, 0x00, 0x00, 0x00, 0x00, 0x00, 0x00, 0x00, 0x00,
    0x00, 0x00, 0x00, 0x00, 0x00, 0x00, 0x00, 0x00, 0x00, 0x00, 0x00, 0x00, 0x00, 0x00, 0x00, 0x00, 0x00, 0x00,
    0x00, 0x00, 0x00, 0x00, 0x00, 0x00, 0x00, 0x00, 0x00, 0x00, 0x00, 0x00, 0x00, 0x00, 0x00, 0x00, 0x00, 0x00,
    0x00, 0x00, 0x00, 0x00, 0x00, 0x00, 0x00, 0x00, 0x00, 0x00, 0x00, 0x00, 0x00, 0x00, 0x00, 0x00, 0x00, 0x00,
    0x00, 0x00, 0x00, 0x00, 0x00, 0x00, 0x00, 0x00, 0x00, 0x00, 0x00, 0x00, 0x00, 0x00, 0x00, 0x00, 0x00, 0x00,
    0x00, 0x00, 0x00, 0x00, 0x00, 0x00, 0x00, 0x00, 0x00, 0x00, 0x00, 0x00, 0x00, 0x00, 0x00, 0x00, 0x00, 0x00,
    0x00, 0x00, 0x00, 0x00, 0x00, 0x00, 0x00, 0x00, 0x00, 0x00, 0x00, 0x00, 0x00, 0x00, 0x00, 0x00, 0x00, 0x00,
    0x00, 0x00, 0x00, 0x00, 0x00, 0x00, 0x00, 0x00, 0x00, 0x00, 0x00, 0x00, 0x00, 0x00, 0x00, 0x00, 0x00, 0x00,
    0x00, 0x00, 0x00, 0x00, 0x00, 0x00, 0x00, 0x00, 0x00, 0x00, 0x00, 0x00, 0x00, 0x00, 0x00, 0x00, 0x00, 0x00,
};
const lv_img_dsc_t codekeeb_logo_00 = {
    .header.cf = LV_IMG_CF_INDEXED_1BIT,
    .header.always_zero = 0,
    .header.reserved = 0,
    .header.w = 69,
    .header.h = 68,
    .data_size = 620,
    .data = codekeeb_logo_00_map,
};

static const LV_ATTRIBUTE_MEM_ALIGN uint8_t codekeeb_logo_01_map[] = {
#if CONFIG_NICE_OLED_WIDGET_INVERTED
    0x00, 0x00, 0x00, 0xff, 0xff, 0xff, 0xff, 0xff,
#else
    0xff, 0xff, 0xff, 0xff, 0x00, 0x00, 0x00, 0xff,
#endif
    0x00, 0x00, 0x00, 0x00, 0x00, 0x00, 0x00, 0x00, 0x00, 0x00, 0x00, 0x00, 0x00, 0x00, 0x00, 0x00, 0x00, 0x00,
    0x00, 0x00, 0x00, 0x00, 0x00, 0x00, 0x00, 0x00, 0x00, 0x00, 0x00, 0x00, 0x00, 0x00, 0x00, 0x00, 0x00, 0x00,
    0x00, 0x00, 0x00, 0x00, 0x00, 0x00, 0x00, 0x00, 0x00, 0x00, 0x00, 0x00, 0x00, 0x00, 0x00, 0x00, 0x00, 0x00,
    0x00, 0x00, 0x00, 0x00, 0x00, 0x00, 0x00, 0x00, 0x00, 0x00, 0x00, 0x00, 0x00, 0x00, 0x00, 0x00, 0x00, 0x00,
    0x00, 0x00, 0x00, 0x00, 0x00, 0x00, 0x00, 0x00, 0x00, 0x00, 0x00, 0x00, 0x00, 0x00, 0x00, 0x00, 0x00, 0x00,
    0x00, 0x00, 0x00, 0x00, 0x00, 0x00, 0x00, 0x00, 0x00, 0x00, 0x00, 0x00, 0x00, 0x00, 0x00, 0x00, 0x00, 0x00,
    0x00, 0x00, 0x00, 0x00, 0x00, 0x00, 0x00, 0x00, 0x00, 0x00, 0x00, 0x00, 0x00, 0x00, 0x00, 0x00, 0x00, 0x00,
    0x00, 0x00, 0x00, 0x00, 0x00, 0x00, 0x00, 0x00, 0x00, 0x00, 0x00, 0x00, 0x00, 0x00, 0x00, 0x00, 0x00, 0x00,
    0x00, 0x00, 0x00, 0x00, 0x00, 0x00, 0x00, 0x00, 0x00, 0x00, 0x00, 0x00, 0x00, 0x00, 0x00, 0x00, 0x00, 0x00,
    0x00, 0x00, 0x00, 0x00, 0x00, 0x00, 0x00, 0x00, 0x00, 0x00, 0x00, 0x00, 0x00, 0x00, 0x00, 0x00, 0x00, 0x00,
    0x00, 0x1e, 0x00, 0x00, 0x00, 0x00, 0x00, 0x00, 0x00, 0x00, 0x7f, 0x80, 0x1f, 0xc3, 0xf9, 0xfc, 0x3f, 0xe0,
    0x00, 0x6f, 0x80, 0x3f, 0xc7, 0xf9, 0xfe, 0x3f, 0xe0, 0x00, 0xdf, 0xc0, 0x7f, 0xcf, 0xf9, 0xff, 0x3f, 0xe0,
    0x01, 0xbf, 0x80, 0x70, 0x0e, 0x39, 0xc7, 0x38, 0x00, 0x01, 0x15, 0x80, 0xe0, 0x1c, 0x73, 0x8e, 0x70, 0x00,
    0x01, 0xbf, 0x80, 0xe0, 0x1c, 0x73, 0x8e, 0x7f, 0x00, 0x01, 0x15, 0x80, 0xe0, 0x1c, 0x73, 0x8e, 0x7f, 0x00,
    0x02, 0xbf, 0x00, 0xe0, 0x1c, 0x73, 0x8e, 0x70, 0x00, 0x02, 0x37, 0x01, 0xc0, 0x38, 0xe7, 0x1c, 0xe0, 0x00,
    0x02, 0xbf, 0x01, 0xff, 0x3f, 0xe7, 0xfc, 0xff, 0x80, 0x02, 0x37, 0x00, 0xff, 0x3f, 0xc7, 0xf8, 0xff, 0x80,
    0x06, 0xfe, 0x00, 0x7f, 0x3f, 0x87, 0xf0, 0xff, 0x80, 0x04, 0x56, 0x00, 0x00, 0x00, 0x00, 0x00, 0x00, 0x00,
    0x06, 0xfe, 0x00, 0x00, 0x00, 0x00, 0x00, 0x00, 0x00, 0x04, 0x56, 0x01, 0xc7, 0x3f, 0xe7, 0xfc, 0xff, 0x00,
    0x0a, 0xfc, 0x01, 0xce, 0x3f, 0xe7, 0xfc, 0xff, 0x80, 0x08, 0xdc, 0x01, 0xdc, 0x3f, 0xe7, 0xfc, 0xe3, 0x80,
    0x0a, 0xfc, 0x01, 0xf8, 0x38, 0x07, 0x00, 0xe3, 0x80, 0x08, 0xdc, 0x03, 0xe0, 0x70, 0x0e, 0x01, 0xce, 0x00,
    0x1b, 0xf8, 0x03, 0xc0, 0x7f, 0x0f, 0xe1, 0xfc, 0x00, 0x11, 0x58, 0x03, 0xe0, 0x7f, 0x0f, 0xe1, 0xfe, 0x00,
    0x1b, 0xf8, 0x03, 0xf0, 0x70, 0x0e, 0x01, 0xc7, 0x00, 0x11, 0x58, 0x07, 0x70, 0xe0, 0x1c, 0x03, 0x8e, 0x00,
    0x32, 0xb0, 0x07, 0x38, 0xff, 0x9f, 0xf3, 0xfe, 0x00, 0x12, 0x20, 0x07, 0x1c, 0xff, 0x9f, 0xf3, 0xfe, 0x00,
    0x1e, 0xe0, 0x07, 0x1c, 0xff, 0x9f, 0xf3, 0xfc, 0x00, 0x07, 0x80, 0x00, 0x00, 0x00, 0x00, 0x00, 0x00, 0x00,
    0x00, 0x00, 0x00, 0x00, 0x00, 0x00, 0x00, 0x00, 0x00, 0x00, 0x00, 0x00, 0x00, 0x00, 0x00, 0x00, 0x00, 0x00,
    0x00, 0x00, 0x00, 0x00, 0x00, 0x00, 0x00, 0x00, 0x00, 0x00, 0x00, 0x00, 0x00, 0x00, 0x00, 0x00, 0x00, 0x00,
    0x00, 0x00, 0x00, 0x00, 0x00, 0x00, 0x00, 0x00, 0x00, 0x00, 0x00, 0x00, 0x00, 0x00, 0x00, 0x00, 0x00, 0x00,
    0x00, 0x00, 0x00, 0x00, 0x00, 0x00, 0x00, 0x00, 0x00, 0x00, 0x00, 0x00, 0x00, 0x00, 0x00, 0x00, 0x00, 0x00,
    0x00, 0x00, 0x00, 0x00, 0x00, 0x00, 0x00, 0x00, 0x00, 0x00, 0x00, 0x00, 0x00, 0x00, 0x00, 0x00, 0x00, 0x00,
    0x00, 0x00, 0x00, 0x00, 0x00, 0x00, 0x00, 0x00, 0x00, 0x00, 0x00, 0x00, 0x00, 0x00, 0x00, 0x00, 0x00, 0x00,
    0x00, 0x00, 0x00, 0x00, 0x00, 0x00, 0x00, 0x00, 0x00, 0x00, 0x00, 0x00, 0x00, 0x00, 0x00, 0x00, 0x00, 0x00,
    0x00, 0x00, 0x00, 0x00, 0x00, 0x00, 0x00, 0x00, 0x00, 0x00, 0x00, 0x00, 0x00, 0x00, 0x00, 0x00, 0x00, 0x00,
    0x00, 0x00, 0x00, 0x00, 0x00, 0x00, 0x00, 0x00, 0x00, 0x00, 0x00, 0x00, 0x00, 0x00, 0x00, 0x00, 0x00, 0x00,
    0x00, 0x00, 0x00, 0x00, 0x00, 0x00, 0x00, 0x00, 0x00, 0x00, 0x00, 0x00, 0x00, 0x00, 0x00, 0x00, 0x00, 0x00,
};
const lv_img_dsc_t codekeeb_logo_01 = {
    .header.cf = LV_IMG_CF_INDEXED_1BIT,
    .header.always_zero = 0,
    .header.reserved = 0,
    .header.w = 69,
    .header.h = 68,
    .data_size = 620,
    .data = codekeeb_logo_01_map,
};

static const LV_ATTRIBUTE_MEM_ALIGN uint8_t codekeeb_logo_02_map[] = {
#if CONFIG_NICE_OLED_WIDGET_INVERTED
    0x00, 0x00, 0x00, 0xff, 0xff, 0xff, 0xff, 0xff,
#else
    0xff, 0xff, 0xff, 0xff, 0x00, 0x00, 0x00, 0xff,
#endif
    0x00, 0x00, 0x00, 0x00, 0x00, 0x00, 0x00, 0x00, 0x00, 0x00, 0x00, 0x00, 0x00, 0x00, 0x00, 0x00, 0x00, 0x00,
    0x00, 0x00, 0x00, 0x00, 0x00, 0x00, 0x00, 0x00, 0x00, 0x00, 0x00, 0x00, 0x00, 0x00, 0x00, 0x00, 0x00, 0x00,
    0x00, 0x00, 0x00, 0x00, 0x00, 0x00, 0x00, 0x00, 0x00, 0x00, 0x00, 0x00, 0x00, 0x00, 0x00, 0x00, 0x00, 0x00,
    0x00, 0x00, 0x00, 0x00, 0x00, 0x00, 0x00, 0x00, 0x00, 0x00, 0x00, 0x00, 0x00, 0x00, 0x00, 0x00, 0x00, 0x00,
    0x00, 0x00, 0x00, 0x00, 0x00, 0x00, 0x00, 0x00, 0x00, 0x00, 0x00, 0x00, 0x00, 0x00, 0x00, 0x00, 0x00, 0x00,
    0x00, 0x00, 0x00, 0x00, 0x00, 0x00, 0x00, 0x00, 0x00, 0x00, 0x00, 0x00, 0x00, 0x00, 0x00, 0x00, 0x00, 0x00,
    0x00, 0x00, 0x00, 0x00, 0x00, 0x00, 0x00, 0x00, 0x00, 0x00, 0x00, 0x00, 0x00, 0x00, 0x00, 0x00, 0x00, 0x00,
    0x00, 0x00, 0x00, 0x00, 0x00, 0x00, 0x00, 0x00, 0x00, 0x00, 0x00, 0x00, 0x00, 0x00, 0x00, 0x00, 0x00, 0x00,
    0x00, 0x00, 0x00, 0x00, 0x00, 0x00, 0x00, 0x00, 0x00, 0x00, 0x00, 0x00, 0x00, 0x00, 0x00, 0x00, 0x00, 0x00,
    0x00, 0x00, 0x00, 0x00, 0x00, 0x00, 0x00, 0x00, 0x00, 0x00, 0x00, 0x00, 0x00, 0x00, 0x00, 0x00, 0x00, 0x00,
    0x00, 0x1e, 0x00, 0x00, 0x00, 0x00, 0x00, 0x00, 0x00, 0x00, 0x7f, 0x80, 0x1f, 0xc3, 0xf9, 0xfc, 0x3f, 0xe0,
    0x00, 0x6f, 0x80, 0x3f, 0xc7, 0xf9, 0xfe, 0x3f, 0xe0, 0x00, 0xdf, 0xc0, 0x7f, 0xcf, 0xf9, 0xff, 0x3f, 0xe0,
    0x01, 0xbf, 0x80, 0x70, 0x0e, 0x39, 0xc7, 0x38, 0x00, 0x01, 0x15, 0x80, 0xe0, 0x1c, 0x73, 0x8e, 0x70, 0x00,
    0x01, 0xbf, 0x80, 0xe0, 0x1c, 0x73, 0x8e, 0x7f, 0x00, 0x01, 0x15, 0x80, 0xe0, 0x1c, 0x73, 0x8e, 0x7f, 0x00,
    0x02, 0xbf, 0x00, 0xe0, 0x1c, 0x73, 0x8e, 0x70, 0x00, 0x02, 0x37, 0x01, 0xc0, 0x38, 0xe7, 0x1c, 0xe0, 0x00,
    0x02, 0xbf, 0x01, 0xff, 0x3f, 0xe7, 0xfc, 0xff, 0x80, 0x02, 0x37, 0x00, 0xff, 0x3f, 0xc7, 0xf8, 0xff, 0x80,
    0x06, 0xfe, 0x00, 0x7f, 0x3f, 0x87, 0xf0, 0xff, 0x80, 0x04, 0x56, 0x00, 0x00, 0x00, 0x00, 0x00, 0x00, 0x00,
    0x06, 0xfe, 0x00, 0x00, 0x00, 0x00, 0x00, 0x00, 0x00, 0x04, 0x56, 0x01, 0xc7, 0x3f, 0xe7, 0xfc, 0xff, 0x00,
    0x0a, 0xfc, 0x01, 0xce, 0x3f, 0xe7, 0xfc, 0xff, 0x80, 0x08, 0xdc, 0x01, 0xdc, 0x3f, 0xe7, 0xfc, 0xe3, 0x80,
    0x0a, 0xfc, 0x01, 0xf8, 0x38, 0x07, 0x00, 0xe3, 0x80, 0x08, 0xdc, 0x03, 0xe0, 0x70, 0x0e, 0x01, 0xce, 0x00,
    0x1b, 0xf8, 0x03, 0xc0, 0x7f, 0x0f, 0xe1, 0xfc, 0x00, 0x11, 0x58, 0x03, 0xe0, 0x7f, 0x0f, 0xe1, 0xfe, 0x00,
    0x1b, 0xf8, 0x03, 0xf0, 0x70, 0x0e, 0x01, 0xc7, 0x00, 0x11, 0x58, 0x07, 0x70, 0xe0, 0x1c, 0x03, 0x8e, 0x00,
    0x32, 0xb0, 0x07, 0x38, 0xff, 0x9f, 0xf3, 0xfe, 0x00, 0x12, 0x20, 0x07, 0x1c, 0xff, 0x9f, 0xf3, 0xfe, 0x00,
    0x1e, 0xe0, 0x07, 0x1c, 0xff, 0x9f, 0xf3, 0xfc, 0x00, 0x07, 0x80, 0x00, 0x00, 0x00, 0x00, 0x00, 0x00, 0x00,
    0x00, 0x00, 0x00, 0x00, 0x00, 0x00, 0x00, 0x00, 0x00, 0x00, 0x00, 0x00, 0x00, 0x00, 0x00, 0x00, 0x00, 0x00,
    0x00, 0x00, 0x00, 0x00, 0x00, 0x00, 0x00, 0x00, 0x00, 0x00, 0x00, 0x00, 0x00, 0x00, 0x00, 0x00, 0x00, 0x00,
    0x00, 0x00, 0x00, 0x00, 0x00, 0x00, 0x00, 0x00, 0x00, 0x00, 0x00, 0x00, 0x00, 0x00, 0x00, 0x00, 0x00, 0x00,
    0x00, 0x00, 0x00, 0x00, 0x00, 0x00, 0x00, 0x00, 0x00, 0x00, 0x00, 0x00, 0x00, 0x00, 0x00, 0x00, 0x00, 0x00,
    0x00, 0x00, 0x00, 0x00, 0x00, 0x00, 0x00, 0x00, 0x00, 0x00, 0x00, 0x00, 0x00, 0x00, 0x00, 0x00, 0x00, 0x00,
    0x00, 0x00, 0x00, 0x00, 0x00, 0x00, 0x00, 0x00, 0x00, 0x00, 0x00, 0x00, 0x00, 0x00, 0x00, 0x00, 0x00, 0x00,
    0x00, 0x00, 0x00, 0x00, 0x00, 0x00, 0x00, 0x00, 0x00, 0x00, 0x00, 0x00, 0x00, 0x00, 0x00, 0x00, 0x00, 0x00,
    0x00, 0x00, 0x00, 0x00, 0x00, 0x00, 0x00, 0x00, 0x00, 0x00, 0x00, 0x00, 0x00, 0x00, 0x00, 0x00, 0x00, 0x00,
    0x00, 0x00, 0x00, 0x00, 0x00, 0x00, 0x00, 0x00, 0x00, 0x00, 0x00, 0x00, 0x00, 0x00, 0x00, 0x00, 0x00, 0x00,
    0x00, 0x00, 0x00, 0x00, 0x00, 0x00, 0x00, 0x00, 0x00, 0x00, 0x00, 0x00, 0x00, 0x00, 0x00, 0x00, 0x00, 0x00,
};
const lv_img_dsc_t codekeeb_logo_02 = {
    .header.cf = LV_IMG_CF_INDEXED_1BIT,
    .header.always_zero = 0,
    .header.reserved = 0,
    .header.w = 69,
    .header.h = 68,
    .data_size = 620,
    .data = codekeeb_logo_02_map,
};

static const LV_ATTRIBUTE_MEM_ALIGN uint8_t codekeeb_logo_03_map[] = {
#if CONFIG_NICE_OLED_WIDGET_INVERTED
    0x00, 0x00, 0x00, 0xff, 0xff, 0xff, 0xff, 0xff,
#else
    0xff, 0xff, 0xff, 0xff, 0x00, 0x00, 0x00, 0xff,
#endif
    0x00, 0x00, 0x00, 0x00, 0x00, 0x00, 0x00, 0x00, 0x00, 0x00, 0x00, 0x00, 0x00, 0x00, 0x00, 0x00, 0x00, 0x00,
    0x00, 0x00, 0x00, 0x00, 0x00, 0x00, 0x00, 0x00, 0x00, 0x00, 0x00, 0x00, 0x00, 0x00, 0x00, 0x00, 0x00, 0x00,
    0x00, 0x00, 0x00, 0x00, 0x00, 0x00, 0x00, 0x00, 0x00, 0x00, 0x00, 0x00, 0x00, 0x00, 0x00, 0x00, 0x00, 0x00,
    0x00, 0x00, 0x00, 0x00, 0x00, 0x00, 0x00, 0x00, 0x00, 0x00, 0x00, 0x00, 0x00, 0x00, 0x00, 0x00, 0x00, 0x00,
    0x00, 0x00, 0x00, 0x00, 0x00, 0x00, 0x00, 0x00, 0x00, 0x00, 0x00, 0x00, 0x00, 0x00, 0x00, 0x00, 0x00, 0x00,
    0x00, 0x00, 0x00, 0x00, 0x00, 0x00, 0x00, 0x00, 0x00, 0x00, 0x00, 0x00, 0x00, 0x00, 0x00, 0x00, 0x00, 0x00,
    0x00, 0x00, 0x00, 0x00, 0x00, 0x00, 0x00, 0x00, 0x00, 0x00, 0x00, 0x00, 0x00, 0x00, 0x00, 0x00, 0x00, 0x00,
    0x00, 0x00, 0x00, 0x00, 0x00, 0x00, 0x00, 0x00, 0x00, 0x00, 0x00, 0x00, 0x00, 0x00, 0x00, 0x00, 0x00, 0x00,
    0x00, 0x00, 0x00, 0x00, 0x00, 0x00, 0x00, 0x00, 0x00, 0x00, 0x00, 0x00, 0x00, 0x00, 0x00, 0x00, 0x00, 0x00,
    0x00, 0x00, 0x00, 0x00, 0x00, 0x00, 0x00, 0x00, 0x00, 0x00, 0x00, 0x00, 0x00, 0x00, 0x00, 0x00, 0x00, 0x00,
    0x00, 0x1e, 0x00, 0x00, 0x00, 0x00, 0x00, 0x00, 0x00, 0x00, 0x77, 0x80, 0x1f, 0xc3, 0xf9, 0xfc, 0x3f, 0xe0,
    0x00, 0x7f, 0x80, 0x3f, 0xc7, 0xf9, 0xfe, 0x3f, 0xe0, 0x00, 0xdf, 0xc0, 0x7f, 0xcf, 0xf9, 0xff, 0x3f, 0xe0,
    0x01, 0xbf, 0x80, 0x70, 0x0e, 0x39, 0xc7, 0x38, 0x00, 0x01, 0x35, 0x80, 0xe0, 0x1c, 0x73, 0x8e, 0x70, 0x00,
    0x01, 0xbf, 0x80, 0xe0, 0x1c, 0x73, 0x8e, 0x7f, 0x00, 0x01, 0x35, 0x80, 0xe0, 0x1c, 0x73, 0x8e, 0x7f, 0x00,
    0x02, 0xff, 0x00, 0xe0, 0x1c, 0x73, 0x8e, 0x70, 0x00, 0x02, 0x57, 0x01, 0xc0, 0x38, 0xe7, 0x1c, 0xe0, 0x00,
    0x02, 0xff, 0x01, 0xff, 0x3f, 0xe7, 0xfc, 0xff, 0x80, 0x02, 0x57, 0x00, 0xff, 0x3f, 0xc7, 0xf8, 0xff, 0x80,
    0x06, 0xfe, 0x00, 0x7f, 0x3f, 0x87, 0xf0, 0xff, 0x80, 0x04, 0xd6, 0x00, 0x00, 0x00, 0x00, 0x00, 0x00, 0x00,
    0x06, 0xfe, 0x00, 0x00, 0x00, 0x00, 0x00, 0x00, 0x00, 0x04, 0xd6, 0x01, 0xc7, 0x3f, 0xe7, 0xfc, 0xff, 0x00,
    0x0b, 0xfc, 0x01, 0xce, 0x3f, 0xe7, 0xfc, 0xff, 0x80, 0x09, 0x5c, 0x01, 0xdc, 0x3f, 0xe7, 0xfc, 0xe3, 0x80,
    0x0b, 0xfc, 0x01, 0xf8, 0x38, 0x07, 0x00, 0xe3, 0x80, 0x09, 0x5c, 0x03, 0xe0, 0x70, 0x0e, 0x01, 0xce, 0x00,
    0x1b, 0xf8, 0x03, 0xc0, 0x7f, 0x0f, 0xe1, 0xfc, 0x00, 0x13, 0x58, 0x03, 0xe0, 0x7f, 0x0f, 0xe1, 0xfe, 0x00,
    0x1b, 0xf8, 0x03, 0xf0, 0x70, 0x0e, 0x01, 0xc7, 0x00, 0x13, 0x58, 0x07, 0x70, 0xe0, 0x1c, 0x03, 0x8e, 0x00,
    0x36, 0xb0, 0x07, 0x38, 0xff, 0x9f, 0xf3, 0xfe, 0x00, 0x14, 0x20, 0x07, 0x1c, 0xff, 0x9f, 0xf3, 0xfe, 0x00,
    0x1c, 0xe0, 0x07, 0x1c, 0xff, 0x9f, 0xf3, 0xfc, 0x00, 0x07, 0x80, 0x00, 0x00, 0x00, 0x00, 0x00, 0x00, 0x00,
    0x00, 0x00, 0x00, 0x00, 0x00, 0x00, 0x00, 0x00, 0x00, 0x00, 0x00, 0x00, 0x00, 0x00, 0x00, 0x00, 0x00, 0x00,
    0x00, 0x00, 0x00, 0x00, 0x00, 0x00, 0x00, 0x00, 0x00, 0x00, 0x00, 0x00, 0x00, 0x00, 0x00, 0x00, 0x00, 0x00,
    0x00, 0x00, 0x00, 0x00, 0x00, 0x00, 0x00, 0x00, 0x00, 0x00, 0x00, 0x00, 0x00, 0x00, 0x00, 0x00, 0x00, 0x00,
    0x00, 0x00, 0x00, 0x00, 0x00, 0x00, 0x00, 0x00, 0x00, 0x00, 0x00, 0x00, 0x00, 0x00, 0x00, 0x00, 0x00, 0x00,
    0x00, 0x00, 0x00, 0x00, 0x00, 0x00, 0x00, 0x00, 0x00, 0x00, 0x00, 0x00, 0x00, 0x00, 0x00, 0x00, 0x00, 0x00,
    0x00, 0x00, 0x00, 0x00, 0x00, 0x00, 0x00, 0x00, 0x00, 0x00, 0x00, 0x00, 0x00, 0x00, 0x00, 0x00, 0x00, 0x00,
    0x00, 0x00, 0x00, 0x00, 0x00, 0x00, 0x00, 0x00, 0x00, 0x00, 0x00, 0x00, 0x00, 0x00, 0x00, 0x00, 0x00, 0x00,
    0x00, 0x00, 0x00, 0x00, 0x00, 0x00, 0x00, 0x00, 0x00, 0x00, 0x00, 0x00, 0x00, 0x00, 0x00, 0x00, 0x00, 0x00,
    0x00, 0x00, 0x00, 0x00, 0x00, 0x00, 0x00, 0x00, 0x00, 0x00, 0x00, 0x00, 0x00, 0x00, 0x00, 0x00, 0x00, 0x00,
    0x00, 0x00, 0x00, 0x00, 0x00, 0x00, 0x00, 0x00, 0x00, 0x00, 0x00, 0x00, 0x00, 0x00, 0x00, 0x00, 0x00, 0x00,
};
const lv_img_dsc_t codekeeb_logo_03 = {
    .header.cf = LV_IMG_CF_INDEXED_1BIT,
    .header.always_zero = 0,
    .header.reserved = 0,
    .header.w = 69,
    .header.h = 68,
    .data_size = 620,
    .data = codekeeb_logo_03_map,
};

static const LV_ATTRIBUTE_MEM_ALIGN uint8_t codekeeb_logo_04_map[] = {
#if CONFIG_NICE_OLED_WIDGET_INVERTED
    0x00, 0x00, 0x00, 0xff, 0xff, 0xff, 0xff, 0xff,
#else
    0xff, 0xff, 0xff, 0xff, 0x00, 0x00, 0x00, 0xff,
#endif
    0x00, 0x00, 0x00, 0x00, 0x00, 0x00, 0x00, 0x00, 0x00, 0x00, 0x00, 0x00, 0x00, 0x00, 0x00, 0x00, 0x00, 0x00,
    0x00, 0x00, 0x00, 0x00, 0x00, 0x00, 0x00, 0x00, 0x00, 0x00, 0x00, 0x00, 0x00, 0x00, 0x00, 0x00, 0x00, 0x00,
    0x00, 0x00, 0x00, 0x00, 0x00, 0x00, 0x00, 0x00, 0x00, 0x00, 0x00, 0x00, 0x00, 0x00, 0x00, 0x00, 0x00, 0x00,
    0x00, 0x00, 0x00, 0x00, 0x00, 0x00, 0x00, 0x00, 0x00, 0x00, 0x00, 0x00, 0x00, 0x00, 0x00, 0x00, 0x00, 0x00,
    0x00, 0x00, 0x00, 0x00, 0x00, 0x00, 0x00, 0x00, 0x00, 0x00, 0x00, 0x00, 0x00, 0x00, 0x00, 0x00, 0x00, 0x00,
    0x00, 0x00, 0x00, 0x00, 0x00, 0x00, 0x00, 0x00, 0x00, 0x00, 0x00, 0x00, 0x00, 0x00, 0x00, 0x00, 0x00, 0x00,
    0x00, 0x00, 0x00, 0x00, 0x00, 0x00, 0x00, 0x00, 0x00, 0x00, 0x00, 0x00, 0x00, 0x00, 0x00, 0x00, 0x00, 0x00,
    0x00, 0x00, 0x00, 0x00, 0x00, 0x00, 0x00, 0x00, 0x00, 0x00, 0x00, 0x00, 0x00, 0x00, 0x00, 0x00, 0x00, 0x00,
    0x00, 0x00, 0x00, 0x00, 0x00, 0x00, 0x00, 0x00, 0x00, 0x00, 0x00, 0x00, 0x00, 0x00, 0x00, 0x00, 0x00, 0x00,
    0x00, 0x00, 0x00, 0x00, 0x00, 0x00, 0x00, 0x00, 0x00, 0x00, 0x00, 0x00, 0x00, 0x00, 0x00, 0x00, 0x00, 0x00,
    0x00, 0x1e, 0x00, 0x00, 0x00, 0x00, 0x00, 0x00, 0x00, 0x00, 0x77, 0x80, 0x1f, 0xc3, 0xf9, 0xfc, 0x3f, 0xe0,
    0x00, 0x7f, 0x80, 0x3f, 0xc7, 0xf9, 0xfe, 0x3f, 0xe0, 0x00, 0xdf, 0xc0, 0x7f, 0xcf, 0xf9, 0xff, 0x3f, 0xe0,
    0x01, 0xbf, 0x80, 0x70, 0x0e, 0x39, 0xc7, 0x38, 0x00, 0x01, 0x35, 0x80, 0xe0, 0x1c, 0x73, 0x8e, 0x70, 0x00,
    0x01, 0xbf, 0x80, 0xe0, 0x1c, 0x73, 0x8e, 0x7f, 0x00, 0x01, 0x35, 0x80, 0xe0, 0x1c, 0x73, 0x8e, 0x7f, 0x00,
    0x02, 0xff, 0x00, 0xe0, 0x1c, 0x73, 0x8e, 0x70, 0x00, 0x02, 0x57, 0x01, 0xc0, 0x38, 0xe7, 0x1c, 0xe0, 0x00,
    0x02, 0xff, 0x01, 0xff, 0x3f, 0xe7, 0xfc, 0xff, 0x80, 0x02, 0x57, 0x00, 0xff, 0x3f, 0xc7, 0xf8, 0xff, 0x80,
    0x06, 0xfe, 0x00, 0x7f, 0x3f, 0x87, 0xf0, 0xff, 0x80, 0x04, 0xd6, 0x00, 0x00, 0x00, 0x00, 0x00, 0x00, 0x00,
    0x06, 0xfe, 0x00, 0x00, 0x00, 0x00, 0x00, 0x00, 0x00, 0x04, 0xd6, 0x01, 0xc7, 0x3f, 0xe7, 0xfc, 0xff, 0x00,
    0x0b, 0xfc, 0x01, 0xce, 0x3f, 0xe7, 0xfc, 0xff, 0x80, 0x09, 0x5c, 0x01, 0xdc, 0x3f, 0xe7, 0xfc, 0xe3, 0x80,
    0x0b, 0xfc, 0x01, 0xf8, 0x38, 0x07, 0x00, 0xe3, 0x80, 0x09, 0x5c, 0x03, 0xe0, 0x70, 0x0e, 0x01, 0xce, 0x00,
    0x1b, 0xf8, 0x03, 0xc0, 0x7f, 0x0f, 0xe1, 0xfc, 0x00, 0x13, 0x58, 0x03, 0xe0, 0x7f, 0x0f, 0xe1, 0xfe, 0x00,
    0x1b, 0xf8, 0x03, 0xf0, 0x70, 0x0e, 0x01, 0xc7, 0x00, 0x13, 0x58, 0x07, 0x70, 0xe0, 0x1c, 0x03, 0x8e, 0x00,
    0x36, 0xb0, 0x07, 0x38, 0xff, 0x9f, 0xf3, 0xfe, 0x00, 0x14, 0x20, 0x07, 0x1c, 0xff, 0x9f, 0xf3, 0xfe, 0x00,
    0x1c, 0xe0, 0x07, 0x1c, 0xff, 0x9f, 0xf3, 0xfc, 0x00, 0x07, 0x80, 0x00, 0x00, 0x00, 0x00, 0x00, 0x00, 0x00,
    0x00, 0x00, 0x00, 0x00, 0x00, 0x00, 0x00, 0x00, 0x00, 0x00, 0x00, 0x00, 0x00, 0x00, 0x00, 0x00, 0x00, 0x00,
    0x00, 0x00, 0x00, 0x00, 0x00, 0x00, 0x00, 0x00, 0x00, 0x00, 0x00, 0x00, 0x00, 0x00, 0x00, 0x00, 0x00, 0x00,
    0x00, 0x00, 0x00, 0x00, 0x00, 0x00, 0x00, 0x00, 0x00, 0x00, 0x00, 0x00, 0x00, 0x00, 0x00, 0x00, 0x00, 0x00,
    0x00, 0x00, 0x00, 0x00, 0x00, 0x00, 0x00, 0x00, 0x00, 0x00, 0x00, 0x00, 0x00, 0x00, 0x00, 0x00, 0x00, 0x00,
    0x00, 0x00, 0x00, 0x00, 0x00, 0x00, 0x00, 0x00, 0x00, 0x00, 0x00, 0x00, 0x00, 0x00, 0x00, 0x00, 0x00, 0x00,
    0x00, 0x00, 0x00, 0x00, 0x00, 0x00, 0x00, 0x00, 0x00, 0x00, 0x00, 0x00, 0x00, 0x00, 0x00, 0x00, 0x00, 0x00,
    0x00, 0x00, 0x00, 0x00, 0x00, 0x00, 0x00, 0x00, 0x00, 0x00, 0x00, 0x00, 0x00, 0x00, 0x00, 0x00, 0x00, 0x00,
    0x00, 0x00, 0x00, 0x00, 0x00, 0x00, 0x00, 0x00, 0x00, 0x00, 0x00, 0x00, 0x00, 0x00, 0x00, 0x00, 0x00, 0x00,
    0x00, 0x00, 0x00, 0x00, 0x00, 0x00, 0x00, 0x00, 0x00, 0x00, 0x00, 0x00, 0x00, 0x00, 0x00, 0x00, 0x00, 0x00,
    0x00, 0x00, 0x00, 0x00, 0x00, 0x00, 0x00, 0x00, 0x00, 0x00, 0x00, 0x00, 0x00, 0x00, 0x00, 0x00, 0x00, 0x00,
};
const lv_img_dsc_t codekeeb_logo_04 = {
    .header.cf = LV_IMG_CF_INDEXED_1BIT,
    .header.always_zero = 0,
    .header.reserved = 0,
    .header.w = 69,
    .header.h = 68,
    .data_size = 620,
    .data = codekeeb_logo_04_map,
};

static const LV_ATTRIBUTE_MEM_ALIGN uint8_t codekeeb_logo_05_map[] = {
#if CONFIG_NICE_OLED_WIDGET_INVERTED
    0x00, 0x00, 0x00, 0xff, 0xff, 0xff, 0xff, 0xff,
#else
    0xff, 0xff, 0xff, 0xff, 0x00, 0x00, 0x00, 0xff,
#endif
    0x00, 0x00, 0x00, 0x00, 0x00, 0x00, 0x00, 0x00, 0x00, 0x00, 0x00, 0x00, 0x00, 0x00, 0x00, 0x00, 0x00, 0x00,
    0x00, 0x00, 0x00, 0x00, 0x00, 0x00, 0x00, 0x00, 0x00, 0x00, 0x00, 0x00, 0x00, 0x00, 0x00, 0x00, 0x00, 0x00,
    0x00, 0x00, 0x00, 0x00, 0x00, 0x00, 0x00, 0x00, 0x00, 0x00, 0x00, 0x00, 0x00, 0x00, 0x00, 0x00, 0x00, 0x00,
    0x00, 0x00, 0x00, 0x00, 0x00, 0x00, 0x00, 0x00, 0x00, 0x00, 0x00, 0x00, 0x00, 0x00, 0x00, 0x00, 0x00, 0x00,
    0x00, 0x00, 0x00, 0x00, 0x00, 0x00, 0x00, 0x00, 0x00, 0x00, 0x00, 0x00, 0x00, 0x00, 0x00, 0x00, 0x00, 0x00,
    0x00, 0x00, 0x00, 0x00, 0x00, 0x00, 0x00, 0x00, 0x00, 0x00, 0x00, 0x00, 0x00, 0x00, 0x00, 0x00, 0x00, 0x00,
    0x00, 0x00, 0x00, 0x00, 0x00, 0x00, 0x00, 0x00, 0x00, 0x00, 0x00, 0x00, 0x00, 0x00, 0x00, 0x00, 0x00, 0x00,
    0x00, 0x00, 0x00, 0x00, 0x00, 0x00, 0x00, 0x00, 0x00, 0x00, 0x00, 0x00, 0x00, 0x00, 0x00, 0x00, 0x00, 0x00,
    0x00, 0x00, 0x00, 0x00, 0x00, 0x00, 0x00, 0x00, 0x00, 0x00, 0x00, 0x00, 0x00, 0x00, 0x00, 0x00, 0x00, 0x00,
    0x00, 0x00, 0x00, 0x00, 0x00, 0x00, 0x00, 0x00, 0x00, 0x00, 0x00, 0x00, 0x00, 0x00, 0x00, 0x00, 0x00, 0x00,
    0x00, 0x1e, 0x00, 0x00, 0x00, 0x00, 0x00, 0x00, 0x00, 0x00, 0x77, 0x80, 0x1f, 0xc3, 0xf9, 0xfc, 0x3f, 0xe0,
    0x00, 0x7f, 0x80, 0x3f, 0xc7, 0xf9, 0xfe, 0x3f, 0xe0, 0x00, 0xdf, 0xc0, 0x7f, 0xcf, 0xf9, 0xff, 0x3f, 0xe0,
    0x01, 0xbf, 0x80, 0x70, 0x0e, 0x39, 0xc7, 0x38, 0x00, 0x01, 0x35, 0x80, 0xe0, 0x1c, 0x73, 0x8e, 0x70, 0x00,
    0x01, 0xbf, 0x80, 0xe0, 0x1c, 0x73, 0x8e, 0x7f, 0x00, 0x01, 0x35, 0x80, 0xe0, 0x1c, 0x73, 0x8e, 0x7f, 0x00,
    0x02, 0xff, 0x00, 0xe0, 0x1c, 0x73, 0x8e, 0x70, 0x00, 0x02, 0x57, 0x01, 0xc0, 0x38, 0xe7, 0x1c, 0xe0, 0x00,
    0x02, 0xff, 0x01, 0xff, 0x3f, 0xe7, 0xfc, 0xff, 0x80, 0x02, 0x57, 0x00, 0xff, 0x3f, 0xc7, 0xf8, 0xff, 0x80,
    0x06, 0xfe, 0x00, 0x7f, 0x3f, 0x87, 0xf0, 0xff, 0x80, 0x04, 0xd6, 0x00, 0x00, 0x00, 0x00, 0x00, 0x00, 0x00,
    0x06, 0xfe, 0x00, 0x00, 0x00, 0x00, 0x00, 0x00, 0x00, 0x04, 0xd6, 0x01, 0xc7, 0x3f, 0xe7, 0xfc, 0xff, 0x00,
    0x0b, 0xfc, 0x01, 0xce, 0x3f, 0xe7, 0xfc, 0xff, 0x80, 0x09, 0x5c, 0x01, 0xdc, 0x3f, 0xe7, 0xfc, 0xe3, 0x80,
    0x0b, 0xfc, 0x01, 0xf8, 0x38, 0x07, 0x00, 0xe3, 0x80, 0x09, 0x5c, 0x03, 0xe0, 0x70, 0x0e, 0x01, 0xce, 0x00,
    0x1b, 0xf8, 0x03, 0xc0, 0x7f, 0x0f, 0xe1, 0xfc, 0x00, 0x13, 0x58, 0x03, 0xe0, 0x7f, 0x0f, 0xe1, 0xfe, 0x00,
    0x1b, 0xf8, 0x03, 0xf0, 0x70, 0x0e, 0x01, 0xc7, 0x00, 0x13, 0x58, 0x07, 0x70, 0xe0, 0x1c, 0x03, 0x8e, 0x00,
    0x36, 0xb0, 0x07, 0x38, 0xff, 0x9f, 0xf3, 0xfe, 0x00, 0x14, 0x20, 0x07, 0x1c, 0xff, 0x9f, 0xf3, 0xfe, 0x00,
    0x1c, 0xe0, 0x07, 0x1c, 0xff, 0x9f, 0xf3, 0xfc, 0x00, 0x07, 0x80, 0x00, 0x00, 0x00, 0x00, 0x00, 0x00, 0x00,
    0x00, 0x00, 0x00, 0x00, 0x00, 0x00, 0x00, 0x00, 0x00, 0x00, 0x00, 0x00, 0x00, 0x00, 0x00, 0x00, 0x00, 0x00,
    0x00, 0x00, 0x00, 0x00, 0x00, 0x00, 0x00, 0x00, 0x00, 0x00, 0x00, 0x00, 0x00, 0x00, 0x00, 0x00, 0x00, 0x00,
    0x00, 0x00, 0x00, 0x00, 0x00, 0x00, 0x00, 0x00, 0x00, 0x00, 0x00, 0x00, 0x00, 0x00, 0x00, 0x00, 0x00, 0x00,
    0x00, 0x00, 0x00, 0x00, 0x00, 0x00, 0x00, 0x00, 0x00, 0x00, 0x00, 0x00, 0x00, 0x00, 0x00, 0x00, 0x00, 0x00,
    0x00, 0x00, 0x00, 0x00, 0x00, 0x00, 0x00, 0x00, 0x00, 0x00, 0x00, 0x00, 0x00, 0x00, 0x00, 0x00, 0x00, 0x00,
    0x00, 0x00, 0x00, 0x00, 0x00, 0x00, 0x00, 0x00, 0x00, 0x00, 0x00, 0x00, 0x00, 0x00, 0x00, 0x00, 0x00, 0x00,
    0x00, 0x00, 0x00, 0x00, 0x00, 0x00, 0x00, 0x00, 0x00, 0x00, 0x00, 0x00, 0x00, 0x00, 0x00, 0x00, 0x00, 0x00,
    0x00, 0x00, 0x00, 0x00, 0x00, 0x00, 0x00, 0x00, 0x00, 0x00, 0x00, 0x00, 0x00, 0x00, 0x00, 0x00, 0x00, 0x00,
    0x00, 0x00, 0x00, 0x00, 0x00, 0x00, 0x00, 0x00, 0x00, 0x00, 0x00, 0x00, 0x00, 0x00, 0x00, 0x00, 0x00, 0x00,
    0x00, 0x00, 0x00, 0x00, 0x00, 0x00, 0x00, 0x00, 0x00, 0x00, 0x00, 0x00, 0x00, 0x00, 0x00, 0x00, 0x00, 0x00,
};
const lv_img_dsc_t codekeeb_logo_05 = {
    .header.cf = LV_IMG_CF_INDEXED_1BIT,
    .header.always_zero = 0,
    .header.reserved = 0,
    .header.w = 69,
    .header.h = 68,
    .data_size = 620,
    .data = codekeeb_logo_05_map,
};

static const LV_ATTRIBUTE_MEM_ALIGN uint8_t codekeeb_logo_06_map[] = {
#if CONFIG_NICE_OLED_WIDGET_INVERTED
    0x00, 0x00, 0x00, 0xff, 0xff, 0xff, 0xff, 0xff,
#else
    0xff, 0xff, 0xff, 0xff, 0x00, 0x00, 0x00, 0xff,
#endif
    0x00, 0x00, 0x00, 0x00, 0x00, 0x00, 0x00, 0x00, 0x00, 0x00, 0x00, 0x00, 0x00, 0x00, 0x00, 0x00, 0x00, 0x00,
    0x00, 0x00, 0x00, 0x00, 0x00, 0x00, 0x00, 0x00, 0x00, 0x00, 0x00, 0x00, 0x00, 0x00, 0x00, 0x00, 0x00, 0x00,
    0x00, 0x00, 0x00, 0x00, 0x00, 0x00, 0x00, 0x00, 0x00, 0x00, 0x00, 0x00, 0x00, 0x00, 0x00, 0x00, 0x00, 0x00,
    0x00, 0x00, 0x00, 0x00, 0x00, 0x00, 0x00, 0x00, 0x00, 0x00, 0x00, 0x00, 0x00, 0x00, 0x00, 0x00, 0x00, 0x00,
    0x00, 0x00, 0x00, 0x00, 0x00, 0x00, 0x00, 0x00, 0x00, 0x00, 0x00, 0x00, 0x00, 0x00, 0x00, 0x00, 0x00, 0x00,
    0x00, 0x00, 0x00, 0x00, 0x00, 0x00, 0x00, 0x00, 0x00, 0x00, 0x00, 0x00, 0x00, 0x00, 0x00, 0x00, 0x00, 0x00,
    0x00, 0x00, 0x00, 0x00, 0x00, 0x00, 0x00, 0x00, 0x00, 0x00, 0x00, 0x00, 0x00, 0x00, 0x00, 0x00, 0x00, 0x00,
    0x00, 0x00, 0x00, 0x00, 0x00, 0x00, 0x00, 0x00, 0x00, 0x00, 0x00, 0x00, 0x00, 0x00, 0x00, 0x00, 0x00, 0x00,
    0x00, 0x00, 0x00, 0x00, 0x00, 0x00, 0x00, 0x00, 0x00, 0x00, 0x00, 0x00, 0x00, 0x00, 0x00, 0x00, 0x00, 0x00,
    0x00, 0x00, 0x00, 0x00, 0x00, 0x00, 0x00, 0x00, 0x00, 0x00, 0x00, 0x00, 0x00, 0x00, 0x00, 0x00, 0x00, 0x00,
    0x00, 0x1e, 0x00, 0x00, 0x00, 0x00, 0x00, 0x00, 0x00, 0x00, 0x77, 0x80, 0x1f, 0xc3, 0xf9, 0xfc, 0x3f, 0xe0,
    0x00, 0x7f, 0x80, 0x3f, 0xc7, 0xf9, 0xfe, 0x3f, 0xe0, 0x00, 0xdf, 0xc0, 0x7f, 0xcf, 0xf9, 0xff, 0x3f, 0xe0,
    0x01, 0xbf, 0x80, 0x70, 0x0e, 0x39, 0xc7, 0x38, 0x00, 0x01, 0x35, 0x80, 0xe0, 0x1c, 0x73, 0x8e, 0x70, 0x00,
    0x01, 0xbf, 0x80, 0xe0, 0x1c, 0x73, 0x8e, 0x7f, 0x00, 0x01, 0x35, 0x80, 0xe0, 0x1c, 0x73, 0x8e, 0x7f, 0x00,
    0x02, 0x7f, 0x00, 0xe0, 0x1c, 0x73, 0x8e, 0x70, 0x00, 0x02, 0x57, 0x01, 0xc0, 0x38, 0xe7, 0x1c, 0xe0, 0x00,
    0x02, 0xff, 0x01, 0xff, 0x3f, 0xe7, 0xfc, 0xff, 0x80, 0x02, 0x57, 0x00, 0xff, 0x3f, 0xc7, 0xf8, 0xff, 0x80,
    0x04, 0xfe, 0x00, 0x7f, 0x3f, 0x87, 0xf0, 0xff, 0x80, 0x04, 0xd6, 0x00, 0x00, 0x00, 0x00, 0x00, 0x00, 0x00,
    0x04, 0xfe, 0x00, 0x00, 0x00, 0x00, 0x00, 0x00, 0x00, 0x04, 0xd6, 0x01, 0xc7, 0x3f, 0xe7, 0xfc, 0xff, 0x00,
    0x09, 0xfc, 0x01, 0xce, 0x3f, 0xe7, 0xfc, 0xff, 0x80, 0x09, 0x5c, 0x01, 0xdc, 0x3f, 0xe7, 0xfc, 0xe3, 0x80,
    0x09, 0xfc, 0x01, 0xf8, 0x38, 0x07, 0x00, 0xe3, 0x80, 0x09, 0x5c, 0x03, 0xe0, 0x70, 0x0e, 0x01, 0xce, 0x00,
    0x13, 0xf8, 0x03, 0xc0, 0x7f, 0x0f, 0xe1, 0xfc, 0x00, 0x13, 0x58, 0x03, 0xe0, 0x7f, 0x0f, 0xe1, 0xfe, 0x00,
    0x1b, 0xf8, 0x03, 0xf0, 0x70, 0x0e, 0x01, 0xc7, 0x00, 0x13, 0x58, 0x07, 0x70, 0xe0, 0x1c, 0x03, 0x8e, 0x00,
    0x36, 0xb0, 0x07, 0x38, 0xff, 0x9f, 0xf3, 0xfe, 0x00, 0x14, 0x20, 0x07, 0x1c, 0xff, 0x9f, 0xf3, 0xfe, 0x00,
    0x1c, 0xe0, 0x07, 0x1c, 0xff, 0x9f, 0xf3, 0xfc, 0x00, 0x07, 0x80, 0x00, 0x00, 0x00, 0x00, 0x00, 0x00, 0x00,
    0x00, 0x00, 0x00, 0x00, 0x00, 0x00, 0x00, 0x00, 0x00, 0x00, 0x00, 0x00, 0x00, 0x00, 0x00, 0x00, 0x00, 0x00,
    0x00, 0x00, 0x00, 0x00, 0x00, 0x00, 0x00, 0x00, 0x00, 0x00, 0x00, 0x00, 0x00, 0x00, 0x00, 0x00, 0x00, 0x00,
    0x00, 0x00, 0x00, 0x00, 0x00, 0x00, 0x00, 0x00, 0x00, 0x00, 0x00, 0x00, 0x00, 0x00, 0x00, 0x00, 0x00, 0x00,
    0x00, 0x00, 0x00, 0x00, 0x00, 0x00, 0x00, 0x00, 0x00, 0x00, 0x00, 0x00, 0x00, 0x00, 0x00, 0x00, 0x00, 0x00,
    0x00, 0x00, 0x00, 0x00, 0x00, 0x00, 0x00, 0x00, 0x00, 0x00, 0x00, 0x00, 0x00, 0x00, 0x00, 0x00, 0x00, 0x00,
    0x00, 0x00, 0x00, 0x00, 0x00, 0x00, 0x00, 0x00, 0x00, 0x00, 0x00, 0x00, 0x00, 0x00, 0x00, 0x00, 0x00, 0x00,
    0x00, 0x00, 0x00, 0x00, 0x00, 0x00, 0x00, 0x00, 0x00, 0x00, 0x00, 0x00, 0x00, 0x00, 0x00, 0x00, 0x00, 0x00,
    0x00, 0x00, 0x00, 0x00, 0x00, 0x00, 0x00, 0x00, 0x00, 0x00, 0x00, 0x00, 0x00, 0x00, 0x00, 0x00, 0x00, 0x00,
    0x00, 0x00, 0x00, 0x00, 0x00, 0x00, 0x00, 0x00, 0x00, 0x00, 0x00, 0x00, 0x00, 0x00, 0x00, 0x00, 0x00, 0x00,
    0x00, 0x00, 0x00, 0x00, 0x00, 0x00, 0x00, 0x00, 0x00, 0x00, 0x00, 0x00, 0x00, 0x00, 0x00, 0x00, 0x00, 0x00,
};
const lv_img_dsc_t codekeeb_logo_06 = {
    .header.cf = LV_IMG_CF_INDEXED_1BIT,
    .header.always_zero = 0,
    .header.reserved = 0,
    .header.w = 69,
    .header.h = 68,
    .data_size = 620,
    .data = codekeeb_logo_06_map,
};

static const LV_ATTRIBUTE_MEM_ALIGN uint8_t codekeeb_logo_07_map[] = {
#if CONFIG_NICE_OLED_WIDGET_INVERTED
    0x00, 0x00, 0x00, 0xff, 0xff, 0xff, 0xff, 0xff,
#else
    0xff, 0xff, 0xff, 0xff, 0x00, 0x00, 0x00, 0xff,
#endif
    0x00, 0x00, 0x00, 0x00, 0x00, 0x00, 0x00, 0x00, 0x00, 0x00, 0x00, 0x00, 0x00, 0x00, 0x00, 0x00, 0x00, 0x00,
    0x00, 0x00, 0x00, 0x00, 0x00, 0x00, 0x00, 0x00, 0x00, 0x00, 0x00, 0x00, 0x00, 0x00, 0x00, 0x00, 0x00, 0x00,
    0x00, 0x00, 0x00, 0x00, 0x00, 0x00, 0x00, 0x00, 0x00, 0x00, 0x00, 0x00, 0x00, 0x00, 0x00, 0x00, 0x00, 0x00,
    0x00, 0x00, 0x00, 0x00, 0x00, 0x00, 0x00, 0x00, 0x00, 0x00, 0x00, 0x00, 0x00, 0x00, 0x00, 0x00, 0x00, 0x00,
    0x00, 0x00, 0x00, 0x00, 0x00, 0x00, 0x00, 0x00, 0x00, 0x00, 0x00, 0x00, 0x00, 0x00, 0x00, 0x00, 0x00, 0x00,
    0x00, 0x00, 0x00, 0x00, 0x00, 0x00, 0x00, 0x00, 0x00, 0x00, 0x00, 0x00, 0x00, 0x00, 0x00, 0x00, 0x00, 0x00,
    0x00, 0x00, 0x00, 0x00, 0x00, 0x00, 0x00, 0x00, 0x00, 0x00, 0x00, 0x00, 0x00, 0x00, 0x00, 0x00, 0x00, 0x00,
    0x00, 0x00, 0x00, 0x00, 0x00, 0x00, 0x00, 0x00, 0x00, 0x00, 0x00, 0x00, 0x00, 0x00, 0x00, 0x00, 0x00, 0x00,
    0x00, 0x00, 0x00, 0x00, 0x00, 0x00, 0x00, 0x00, 0x00, 0x00, 0x00, 0x00, 0x00, 0x00, 0x00, 0x00, 0x00, 0x00,
    0x00, 0x00, 0x00, 0x00, 0x00, 0x00, 0x00, 0x00, 0x00, 0x00, 0x00, 0x00, 0x00, 0x00, 0x00, 0x00, 0x00, 0x00,
    0x00, 0x1e, 0x00, 0x00, 0x00, 0x00, 0x00, 0x00, 0x00, 0x00, 0x77, 0x80, 0x1f, 0xc3, 0xf9, 0xfc, 0x3f, 0xe0,
    0x00, 0x7f, 0x80, 0x3f, 0xc7, 0xf9, 0xfe, 0x3f, 0xe0, 0x00, 0xff, 0xc0, 0x7f, 0xcf, 0xf9, 0xff, 0x3f, 0xe0,
    0x01, 0xff, 0x80, 0x70, 0x0e, 0x39, 0xc7, 0x38, 0x00, 0x01, 0x57, 0x80, 0xe0, 0x1c, 0x73, 0x8e, 0x70, 0x00,
    0x01, 0xfe, 0x80, 0xe0, 0x1c, 0x73, 0x8e, 0x7f, 0x00, 0x01, 0x57, 0x80, 0xe0, 0x1c, 0x73, 0x8e, 0x7f, 0x00,
    0x02, 0xff, 0x00, 0xe0, 0x1c, 0x73, 0x8e, 0x70, 0x00, 0x02, 0xd5, 0x01, 0xc0, 0x38, 0xe7, 0x1c, 0xe0, 0x00,
    0x02, 0xff, 0x01, 0xff, 0x3f, 0xe7, 0xfc, 0xff, 0x80, 0x02, 0xd5, 0x00, 0xff, 0x3f, 0xc7, 0xf8, 0xff, 0x80,
    0x05, 0xfa, 0x00, 0x7f, 0x3f, 0x87, 0xf0, 0xff, 0x80, 0x05, 0x5e, 0x00, 0x00, 0x00, 0x00, 0x00, 0x00, 0x00,
    0x05, 0xfa, 0x00, 0x00, 0x00, 0x00, 0x00, 0x00, 0x00, 0x05, 0x5e, 0x01, 0xc7, 0x3f, 0xe7, 0xfc, 0xff, 0x00,
    0x0b, 0xfc, 0x01, 0xce, 0x3f, 0xe7, 0xfc, 0xff, 0x80, 0x0b, 0x54, 0x01, 0xdc, 0x3f, 0xe7, 0xfc, 0xe3, 0x80,
    0x0b, 0xfc, 0x01, 0xf8, 0x38, 0x07, 0x00, 0xe3, 0x80, 0x0b, 0x54, 0x03, 0xe0, 0x70, 0x0e, 0x01, 0xce, 0x00,
    0x17, 0xe8, 0x03, 0xc0, 0x7f, 0x0f, 0xe1, 0xfc, 0x00, 0x15, 0x78, 0x03, 0xe0, 0x7f, 0x0f, 0xe1, 0xfe, 0x00,
    0x1f, 0xe8, 0x03, 0xf0, 0x70, 0x0e, 0x01, 0xc7, 0x00, 0x15, 0x78, 0x07, 0x70, 0xe0, 0x1c, 0x03, 0x8e, 0x00,
    0x3a, 0xf0, 0x07, 0x38, 0xff, 0x9f, 0xf3, 0xfe, 0x00, 0x18, 0x60, 0x07, 0x1c, 0xff, 0x9f, 0xf3, 0xfe, 0x00,
    0x1c, 0xe0, 0x07, 0x1c, 0xff, 0x9f, 0xf3, 0xfc, 0x00, 0x07, 0x80, 0x00, 0x00, 0x00, 0x00, 0x00, 0x00, 0x00,
    0x00, 0x00, 0x00, 0x00, 0x00, 0x00, 0x00, 0x00, 0x00, 0x00, 0x00, 0x00, 0x00, 0x00, 0x00, 0x00, 0x00, 0x00,
    0x00, 0x00, 0x00, 0x00, 0x00, 0x00, 0x00, 0x00, 0x00, 0x00, 0x00, 0x00, 0x00, 0x00, 0x00, 0x00, 0x00, 0x00,
    0x00, 0x00, 0x00, 0x00, 0x00, 0x00, 0x00, 0x00, 0x00, 0x00, 0x00, 0x00, 0x00, 0x00, 0x00, 0x00, 0x00, 0x00,
    0x00, 0x00, 0x00, 0x00, 0x00, 0x00, 0x00, 0x00, 0x00, 0x00, 0x00, 0x00, 0x00, 0x00, 0x00, 0x00, 0x00, 0x00,
    0x00, 0x00, 0x00, 0x00, 0x00, 0x00, 0x00, 0x00, 0x00, 0x00, 0x00, 0x00, 0x00, 0x00, 0x00, 0x00, 0x00, 0x00,
    0x00, 0x00, 0x00, 0x00, 0x00, 0x00, 0x00, 0x00, 0x00, 0x00, 0x00, 0x00, 0x00, 0x00, 0x00, 0x00, 0x00, 0x00,
    0x00, 0x00, 0x00, 0x00, 0x00, 0x00, 0x00, 0x00, 0x00, 0x00, 0x00, 0x00, 0x00, 0x00, 0x00, 0x00, 0x00, 0x00,
    0x00, 0x00, 0x00, 0x00, 0x00, 0x00, 0x00, 0x00, 0x00, 0x00, 0x00, 0x00, 0x00, 0x00, 0x00, 0x00, 0x00, 0x00,
    0x00, 0x00, 0x00, 0x00, 0x00, 0x00, 0x00, 0x00, 0x00, 0x00, 0x00, 0x00, 0x00, 0x00, 0x00, 0x00, 0x00, 0x00,
    0x00, 0x00, 0x00, 0x00, 0x00, 0x00, 0x00, 0x00, 0x00, 0x00, 0x00, 0x00, 0x00, 0x00, 0x00, 0x00, 0x00, 0x00,
};
const lv_img_dsc_t codekeeb_logo_07 = {
    .header.cf = LV_IMG_CF_INDEXED_1BIT,
    .header.always_zero = 0,
    .header.reserved = 0,
    .header.w = 69,
    .header.h = 68,
    .data_size = 620,
    .data = codekeeb_logo_07_map,
};

static const LV_ATTRIBUTE_MEM_ALIGN uint8_t codekeeb_logo_08_map[] = {
#if CONFIG_NICE_OLED_WIDGET_INVERTED
    0x00, 0x00, 0x00, 0xff, 0xff, 0xff, 0xff, 0xff,
#else
    0xff, 0xff, 0xff, 0xff, 0x00, 0x00, 0x00, 0xff,
#endif
    0x00, 0x00, 0x00, 0x00, 0x00, 0x00, 0x00, 0x00, 0x00, 0x00, 0x00, 0x00, 0x00, 0x00, 0x00, 0x00, 0x00, 0x00,
    0x00, 0x00, 0x00, 0x00, 0x00, 0x00, 0x00, 0x00, 0x00, 0x00, 0x00, 0x00, 0x00, 0x00, 0x00, 0x00, 0x00, 0x00,
    0x00, 0x00, 0x00, 0x00, 0x00, 0x00, 0x00, 0x00, 0x00, 0x00, 0x00, 0x00, 0x00, 0x00, 0x00, 0x00, 0x00, 0x00,
    0x00, 0x00, 0x00, 0x00, 0x00, 0x00, 0x00, 0x00, 0x00, 0x00, 0x00, 0x00, 0x00, 0x00, 0x00, 0x00, 0x00, 0x00,
    0x00, 0x00, 0x00, 0x00, 0x00, 0x00, 0x00, 0x00, 0x00, 0x00, 0x00, 0x00, 0x00, 0x00, 0x00, 0x00, 0x00, 0x00,
    0x00, 0x00, 0x00, 0x00, 0x00, 0x00, 0x00, 0x00, 0x00, 0x00, 0x00, 0x00, 0x00, 0x00, 0x00, 0x00, 0x00, 0x00,
    0x00, 0x00, 0x00, 0x00, 0x00, 0x00, 0x00, 0x00, 0x00, 0x00, 0x00, 0x00, 0x00, 0x00, 0x00, 0x00, 0x00, 0x00,
    0x00, 0x00, 0x00, 0x00, 0x00, 0x00, 0x00, 0x00, 0x00, 0x00, 0x00, 0x00, 0x00, 0x00, 0x00, 0x00, 0x00, 0x00,
    0x00, 0x00, 0x00, 0x00, 0x00, 0x00, 0x00, 0x00, 0x00, 0x00, 0x00, 0x00, 0x00, 0x00, 0x00, 0x00, 0x00, 0x00,
    0x00, 0x00, 0x00, 0x00, 0x00, 0x00, 0x00, 0x00, 0x00, 0x00, 0x00, 0x00, 0x00, 0x00, 0x00, 0x00, 0x00, 0x00,
    0x00, 0x1e, 0x00, 0x00, 0x00, 0x00, 0x00, 0x00, 0x00, 0x00, 0x77, 0x80, 0x1f, 0xc3, 0xf9, 0xfc, 0x3f, 0xe0,
    0x00, 0x7f, 0x80, 0x3f, 0xc7, 0xf9, 0xfe, 0x3f, 0xe0, 0x00, 0xff, 0xc0, 0x7f, 0xcf, 0xf9, 0xff, 0x3f, 0xe0,
    0x01, 0x7f, 0x80, 0x70, 0x0e, 0x39, 0xc7, 0x38, 0x00, 0x01, 0x57, 0x80, 0xe0, 0x1c, 0x73, 0x8e, 0x70, 0x00,
    0x01, 0xfe, 0x80, 0xe0, 0x1c, 0x73, 0x8e, 0x7f, 0x00, 0x01, 0x57, 0x80, 0xe0, 0x1c, 0x73, 0x8e, 0x7f, 0x00,
    0x02, 0xff, 0x00, 0xe0, 0x1c, 0x73, 0x8e, 0x70, 0x00, 0x02, 0xd5, 0x01, 0xc0, 0x38, 0xe7, 0x1c, 0xe0, 0x00,
    0x02, 0xff, 0x01, 0xff, 0x3f, 0xe7, 0xfc, 0xff, 0x80, 0x02, 0xd5, 0x00, 0xff, 0x3f, 0xc7, 0xf8, 0xff, 0x80,
    0x05, 0xfa, 0x00, 0x7f, 0x3f, 0x87, 0xf0, 0xff, 0x80, 0x05, 0x5e, 0x00, 0x00, 0x00, 0x00, 0x00, 0x00, 0x00,
    0x05, 0xfa, 0x00, 0x00, 0x00, 0x00, 0x00, 0x00, 0x00, 0x05, 0x5e, 0x01, 0xc7, 0x3f, 0xe7, 0xfc, 0xff, 0x00,
    0x0b, 0xfc, 0x01, 0xce, 0x3f, 0xe7, 0xfc, 0xff, 0x80, 0x0b, 0x54, 0x01, 0xdc, 0x3f, 0xe7, 0xfc, 0xe3, 0x80,
    0x0b, 0xfc, 0x01, 0xf8, 0x38, 0x07, 0x00, 0xe3, 0x80, 0x0b, 0x54, 0x03, 0xe0, 0x70, 0x0e, 0x01, 0xce, 0x00,
    0x17, 0xe8, 0x03, 0xc0, 0x7f, 0x0f, 0xe1, 0xfc, 0x00, 0x15, 0x78, 0x03, 0xe0, 0x7f, 0x0f, 0xe1, 0xfe, 0x00,
    0x1f, 0xe8, 0x03, 0xf0, 0x70, 0x0e, 0x01, 0xc7, 0x00, 0x15, 0x78, 0x07, 0x70, 0xe0, 0x1c, 0x03, 0x8e, 0x00,
    0x3a, 0xf0, 0x07, 0x38, 0xff, 0x9f, 0xf3, 0xfe, 0x00, 0x18, 0x60, 0x07, 0x1c, 0xff, 0x9f, 0xf3, 0xfe, 0x00,
    0x1c, 0xe0, 0x07, 0x1c, 0xff, 0x9f, 0xf3, 0xfc, 0x00, 0x07, 0x80, 0x00, 0x00, 0x00, 0x00, 0x00, 0x00, 0x00,
    0x00, 0x00, 0x00, 0x00, 0x00, 0x00, 0x00, 0x00, 0x00, 0x00, 0x00, 0x00, 0x00, 0x00, 0x00, 0x00, 0x00, 0x00,
    0x00, 0x00, 0x00, 0x00, 0x00, 0x00, 0x00, 0x00, 0x00, 0x00, 0x00, 0x00, 0x00, 0x00, 0x00, 0x00, 0x00, 0x00,
    0x00, 0x00, 0x00, 0x00, 0x00, 0x00, 0x00, 0x00, 0x00, 0x00, 0x00, 0x00, 0x00, 0x00, 0x00, 0x00, 0x00, 0x00,
    0x00, 0x00, 0x00, 0x00, 0x00, 0x00, 0x00, 0x00, 0x00, 0x00, 0x00, 0x00, 0x00, 0x00, 0x00, 0x00, 0x00, 0x00,
    0x00, 0x00, 0x00, 0x00, 0x00, 0x00, 0x00, 0x00, 0x00, 0x00, 0x00, 0x00, 0x00, 0x00, 0x00, 0x00, 0x00, 0x00,
    0x00, 0x00, 0x00, 0x00, 0x00, 0x00, 0x00, 0x00, 0x00, 0x00, 0x00, 0x00, 0x00, 0x00, 0x00, 0x00, 0x00, 0x00,
    0x00, 0x00, 0x00, 0x00, 0x00, 0x00, 0x00, 0x00, 0x00, 0x00, 0x00, 0x00, 0x00, 0x00, 0x00, 0x00, 0x00, 0x00,
    0x00, 0x00, 0x00, 0x00, 0x00, 0x00, 0x00, 0x00, 0x00, 0x00, 0x00, 0x00, 0x00, 0x00, 0x00, 0x00, 0x00, 0x00,
    0x00, 0x00, 0x00, 0x00, 0x00, 0x00, 0x00, 0x00, 0x00, 0x00, 0x00, 0x00, 0x00, 0x00, 0x00, 0x00, 0x00, 0x00,
    0x00, 0x00, 0x00, 0x00, 0x00, 0x00, 0x00, 0x00, 0x00, 0x00, 0x00, 0x00, 0x00, 0x00, 0x00, 0x00, 0x00, 0x00,
};
const lv_img_dsc_t codekeeb_logo_08 = {
    .header.cf = LV_IMG_CF_INDEXED_1BIT,
    .header.always_zero = 0,
    .header.reserved = 0,
    .header.w = 69,
    .header.h = 68,
    .data_size = 620,
    .data = codekeeb_logo_08_map,
};

static const LV_ATTRIBUTE_MEM_ALIGN uint8_t codekeeb_logo_09_map[] = {
#if CONFIG_NICE_OLED_WIDGET_INVERTED
    0x00, 0x00, 0x00, 0xff, 0xff, 0xff, 0xff, 0xff,
#else
    0xff, 0xff, 0xff, 0xff, 0x00, 0x00, 0x00, 0xff,
#endif
    0x00, 0x00, 0x00, 0x00, 0x00, 0x00, 0x00, 0x00, 0x00, 0x00, 0x00, 0x00, 0x00, 0x00, 0x00, 0x00, 0x00, 0x00,
    0x00, 0x00, 0x00, 0x00, 0x00, 0x00, 0x00, 0x00, 0x00, 0x00, 0x00, 0x00, 0x00, 0x00, 0x00, 0x00, 0x00, 0x00,
    0x00, 0x00, 0x00, 0x00, 0x00, 0x00, 0x00, 0x00, 0x00, 0x00, 0x00, 0x00, 0x00, 0x00, 0x00, 0x00, 0x00, 0x00,
    0x00, 0x00, 0x00, 0x00, 0x00, 0x00, 0x00, 0x00, 0x00, 0x00, 0x00, 0x00, 0x00, 0x00, 0x00, 0x00, 0x00, 0x00,
    0x00, 0x00, 0x00, 0x00, 0x00, 0x00, 0x00, 0x00, 0x00, 0x00, 0x00, 0x00, 0x00, 0x00, 0x00, 0x00, 0x00, 0x00,
    0x00, 0x00, 0x00, 0x00, 0x00, 0x00, 0x00, 0x00, 0x00, 0x00, 0x00, 0x00, 0x00, 0x00, 0x00, 0x00, 0x00, 0x00,
    0x00, 0x00, 0x00, 0x00, 0x00, 0x00, 0x00, 0x00, 0x00, 0x00, 0x00, 0x00, 0x00, 0x00, 0x00, 0x00, 0x00, 0x00,
    0x00, 0x00, 0x00, 0x00, 0x00, 0x00, 0x00, 0x00, 0x00, 0x00, 0x00, 0x00, 0x00, 0x00, 0x00, 0x00, 0x00, 0x00,
    0x00, 0x00, 0x00, 0x00, 0x00, 0x00, 0x00, 0x00, 0x00, 0x00, 0x00, 0x00, 0x00, 0x00, 0x00, 0x00, 0x00, 0x00,
    0x00, 0x00, 0x00, 0x00, 0x00, 0x00, 0x00, 0x00, 0x00, 0x00, 0x00, 0x00, 0x00, 0x00, 0x00, 0x00, 0x00, 0x00,
    0x00, 0x1e, 0x00, 0x00, 0x00, 0x00, 0x00, 0x00, 0x00, 0x00, 0x77, 0x80, 0x1f, 0xc3, 0xf9, 0xfc, 0x3f, 0xe0,
    0x00, 0x7f, 0x80, 0x3f, 0xc7, 0xf9, 0xfe, 0x3f, 0xe0, 0x00, 0xff, 0xc0, 0x7f, 0xcf, 0xf9, 0xff, 0x3f, 0xe0,
    0x01, 0x7f, 0x80, 0x70, 0x0e, 0x39, 0xc7, 0x38, 0x00, 0x01, 0x57, 0x80, 0xe0, 0x1c, 0x73, 0x8e, 0x70, 0x00,
    0x01, 0xfe, 0x80, 0xe0, 0x1c, 0x73, 0x8e, 0x7f, 0x00, 0x01, 0x57, 0x80, 0xe0, 0x1c, 0x73, 0x8e, 0x7f, 0x00,
    0x02, 0xff, 0x00, 0xe0, 0x1c, 0x73, 0x8e, 0x70, 0x00, 0x02, 0xd5, 0x01, 0xc0, 0x38, 0xe7, 0x1c, 0xe0, 0x00,
    0x02, 0xff, 0x01, 0xff, 0x3f, 0xe7, 0xfc, 0xff, 0x80, 0x02, 0xd5, 0x00, 0xff, 0x3f, 0xc7, 0xf8, 0xff, 0x80,
    0x05, 0xfa, 0x00, 0x7f, 0x3f, 0x87, 0xf0, 0xff, 0x80, 0x05, 0x5e, 0x00, 0x00, 0x00, 0x00, 0x00, 0x00, 0x00,
    0x05, 0xfa, 0x00, 0x00, 0x00, 0x00, 0x00, 0x00, 0x00, 0x05, 0x5e, 0x01, 0xc7, 0x3f, 0xe7, 0xfc, 0xff, 0x00,
    0x0b, 0xfc, 0x01, 0xce, 0x3f, 0xe7, 0xfc, 0xff, 0x80, 0x0b, 0x54, 0x01, 0xdc, 0x3f, 0xe7, 0xfc, 0xe3, 0x80,
    0x0b, 0xfc, 0x01, 0xf8, 0x38, 0x07, 0x00, 0xe3, 0x80, 0x0b, 0x54, 0x03, 0xe0, 0x70, 0x0e, 0x01, 0xce, 0x00,
    0x17, 0xe8, 0x03, 0xc0, 0x7f, 0x0f, 0xe1, 0xfc, 0x00, 0x15, 0x78, 0x03, 0xe0, 0x7f, 0x0f, 0xe1, 0xfe, 0x00,
    0x1f, 0xe8, 0x03, 0xf0, 0x70, 0x0e, 0x01, 0xc7, 0x00, 0x15, 0x78, 0x07, 0x70, 0xe0, 0x1c, 0x03, 0x8e, 0x00,
    0x3a, 0xf0, 0x07, 0x38, 0xff, 0x9f, 0xf3, 0xfe, 0x00, 0x18, 0x60, 0x07, 0x1c, 0xff, 0x9f, 0xf3, 0xfe, 0x00,
    0x1c, 0xe0, 0x07, 0x1c, 0xff, 0x9f, 0xf3, 0xfc, 0x00, 0x07, 0x80, 0x00, 0x00, 0x00, 0x00, 0x00, 0x00, 0x00,
    0x00, 0x00, 0x00, 0x00, 0x00, 0x00, 0x00, 0x00, 0x00, 0x00, 0x00, 0x00, 0x00, 0x00, 0x00, 0x00, 0x00, 0x00,
    0x00, 0x00, 0x00, 0x00, 0x00, 0x00, 0x00, 0x00, 0x00, 0x00, 0x00, 0x00, 0x00, 0x00, 0x00, 0x00, 0x00, 0x00,
    0x00, 0x00, 0x00, 0x00, 0x00, 0x00, 0x00, 0x00, 0x00, 0x00, 0x00, 0x00, 0x00, 0x00, 0x00, 0x00, 0x00, 0x00,
    0x00, 0x00, 0x00, 0x00, 0x00, 0x00, 0x00, 0x00, 0x00, 0x00, 0x00, 0x00, 0x00, 0x00, 0x00, 0x00, 0x00, 0x00,
    0x00, 0x00, 0x00, 0x00, 0x00, 0x00, 0x00, 0x00, 0x00, 0x00, 0x00, 0x00, 0x00, 0x00, 0x00, 0x00, 0x00, 0x00,
    0x00, 0x00, 0x00, 0x00, 0x00, 0x00, 0x00, 0x00, 0x00, 0x00, 0x00, 0x00, 0x00, 0x00, 0x00, 0x00, 0x00, 0x00,
    0x00, 0x00, 0x00, 0x00, 0x00, 0x00, 0x00, 0x00, 0x00, 0x00, 0x00, 0x00, 0x00, 0x00, 0x00, 0x00, 0x00, 0x00,
    0x00, 0x00, 0x00, 0x00, 0x00, 0x00, 0x00, 0x00, 0x00, 0x00, 0x00, 0x00, 0x00, 0x00, 0x00, 0x00, 0x00, 0x00,
    0x00, 0x00, 0x00, 0x00, 0x00, 0x00, 0x00, 0x00, 0x00, 0x00, 0x00, 0x00, 0x00, 0x00, 0x00, 0x00, 0x00, 0x00,
    0x00, 0x00, 0x00, 0x00, 0x00, 0x00, 0x00, 0x00, 0x00, 0x00, 0x00, 0x00, 0x00, 0x00, 0x00, 0x00, 0x00, 0x00,
};
const lv_img_dsc_t codekeeb_logo_09 = {
    .header.cf = LV_IMG_CF_INDEXED_1BIT,
    .header.always_zero = 0,
    .header.reserved = 0,
    .header.w = 69,
    .header.h = 68,
    .data_size = 620,
    .data = codekeeb_logo_09_map,
};

static const LV_ATTRIBUTE_MEM_ALIGN uint8_t codekeeb_logo_10_map[] = {
#if CONFIG_NICE_OLED_WIDGET_INVERTED
    0x00, 0x00, 0x00, 0xff, 0xff, 0xff, 0xff, 0xff,
#else
    0xff, 0xff, 0xff, 0xff, 0x00, 0x00, 0x00, 0xff,
#endif
    0x00, 0x00, 0x00, 0x00, 0x00, 0x00, 0x00, 0x00, 0x00, 0x00, 0x00, 0x00, 0x00, 0x00, 0x00, 0x00, 0x00, 0x00,
    0x00, 0x00, 0x00, 0x00, 0x00, 0x00, 0x00, 0x00, 0x00, 0x00, 0x00, 0x00, 0x00, 0x00, 0x00, 0x00, 0x00, 0x00,
    0x00, 0x00, 0x00, 0x00, 0x00, 0x00, 0x00, 0x00, 0x00, 0x00, 0x00, 0x00, 0x00, 0x00, 0x00, 0x00, 0x00, 0x00,
    0x00, 0x00, 0x00, 0x00, 0x00, 0x00, 0x00, 0x00, 0x00, 0x00, 0x00, 0x00, 0x00, 0x00, 0x00, 0x00, 0x00, 0x00,
    0x00, 0x00, 0x00, 0x00, 0x00, 0x00, 0x00, 0x00, 0x00, 0x00, 0x00, 0x00, 0x00, 0x00, 0x00, 0x00, 0x00, 0x00,
    0x00, 0x00, 0x00, 0x00, 0x00, 0x00, 0x00, 0x00, 0x00, 0x00, 0x00, 0x00, 0x00, 0x00, 0x00, 0x00, 0x00, 0x00,
    0x00, 0x00, 0x00, 0x00, 0x00, 0x00, 0x00, 0x00, 0x00, 0x00, 0x00, 0x00, 0x00, 0x00, 0x00, 0x00, 0x00, 0x00,
    0x00, 0x00, 0x00, 0x00, 0x00, 0x00, 0x00, 0x00, 0x00, 0x00, 0x00, 0x00, 0x00, 0x00, 0x00, 0x00, 0x00, 0x00,
    0x00, 0x00, 0x00, 0x00, 0x00, 0x00, 0x00, 0x00, 0x00, 0x00, 0x00, 0x00, 0x00, 0x00, 0x00, 0x00, 0x00, 0x00,
    0x00, 0x00, 0x00, 0x00, 0x00, 0x00, 0x00, 0x00, 0x00, 0x00, 0x00, 0x00, 0x00, 0x00, 0x00, 0x00, 0x00, 0x00,
    0x00, 0x1e, 0x00, 0x00, 0x00, 0x00, 0x00, 0x00, 0x00, 0x00, 0x77, 0x80, 0x1f, 0xc3, 0xf9, 0xfc, 0x3f, 0xe0,
    0x00, 0x7f, 0x80, 0x3f, 0xc7, 0xf9, 0xfe, 0x3f, 0xe0, 0x00, 0xf5, 0xc0, 0x7f, 0xcf, 0xf9, 0xff, 0x3f, 0xe0,
    0x01, 0x7f, 0x80, 0x70, 0x0e, 0x39, 0xc7, 0x38, 0x00, 0x01, 0x57, 0x80, 0xe0, 0x1c, 0x73, 0x8e, 0x70, 0x00,
    0x01, 0xff, 0x80, 0xe0, 0x1c, 0x73, 0x8e, 0x7f, 0x00, 0x01, 0x57, 0x80, 0xe0, 0x1c, 0x73, 0x8e, 0x7f, 0x00,
    0x02, 0xff, 0x00, 0xe0, 0x1c, 0x73, 0x8e, 0x70, 0x00, 0x02, 0xd5, 0x01, 0xc0, 0x38, 0xe7, 0x1c, 0xe0, 0x00,
    0x02, 0xff, 0x01, 0xff, 0x3f, 0xe7, 0xfc, 0xff, 0x80, 0x02, 0xd5, 0x00, 0xff, 0x3f, 0xc7, 0xf8, 0xff, 0x80,
    0x05, 0xfe, 0x00, 0x7f, 0x3f, 0x87, 0xf0, 0xff, 0x80, 0x05, 0x5e, 0x00, 0x00, 0x00, 0x00, 0x00, 0x00, 0x00,
    0x05, 0xfe, 0x00, 0x00, 0x00, 0x00, 0x00, 0x00, 0x00, 0x05, 0x5e, 0x01, 0xc7, 0x3f, 0xe7, 0xfc, 0xff, 0x00,
    0x0b, 0xfc, 0x01, 0xce, 0x3f, 0xe7, 0xfc, 0xff, 0x80, 0x0b, 0x54, 0x01, 0xdc, 0x3f, 0xe7, 0xfc, 0xe3, 0x80,
    0x0b, 0xfc, 0x01, 0xf8, 0x38, 0x07, 0x00, 0xe3, 0x80, 0x0b, 0x54, 0x03, 0xe0, 0x70, 0x0e, 0x01, 0xce, 0x00,
    0x17, 0xf8, 0x03, 0xc0, 0x7f, 0x0f, 0xe1, 0xfc, 0x00, 0x15, 0x78, 0x03, 0xe0, 0x7f, 0x0f, 0xe1, 0xfe, 0x00,
    0x1f, 0xf8, 0x03, 0xf0, 0x70, 0x0e, 0x01, 0xc7, 0x00, 0x15, 0x78, 0x07, 0x70, 0xe0, 0x1c, 0x03, 0x8e, 0x00,
    0x3a, 0xf0, 0x07, 0x38, 0xff, 0x9f, 0xf3, 0xfe, 0x00, 0x18, 0x60, 0x07, 0x1c, 0xff, 0x9f, 0xf3, 0xfe, 0x00,
    0x1c, 0xe0, 0x07, 0x1c, 0xff, 0x9f, 0xf3, 0xfc, 0x00, 0x07, 0x80, 0x00, 0x00, 0x00, 0x00, 0x00, 0x00, 0x00,
    0x00, 0x00, 0x00, 0x00, 0x00, 0x00, 0x00, 0x00, 0x00, 0x00, 0x00, 0x00, 0x00, 0x00, 0x00, 0x00, 0x00, 0x00,
    0x00, 0x00, 0x00, 0x00, 0x00, 0x00, 0x00, 0x00, 0x00, 0x00, 0x00, 0x00, 0x00, 0x00, 0x00, 0x00, 0x00, 0x00,
    0x00, 0x00, 0x00, 0x00, 0x00, 0x00, 0x00, 0x00, 0x00, 0x00, 0x00, 0x00, 0x00, 0x00, 0x00, 0x00, 0x00, 0x00,
    0x00, 0x00, 0x00, 0x00, 0x00, 0x00, 0x00, 0x00, 0x00, 0x00, 0x00, 0x00, 0x00, 0x00, 0x00, 0x00, 0x00, 0x00,
    0x00, 0x00, 0x00, 0x00, 0x00, 0x00, 0x00, 0x00, 0x00, 0x00, 0x00, 0x00, 0x00, 0x00, 0x00, 0x00, 0x00, 0x00,
    0x00, 0x00, 0x00, 0x00, 0x00, 0x00, 0x00, 0x00, 0x00, 0x00, 0x00, 0x00, 0x00, 0x00, 0x00, 0x00, 0x00, 0x00,
    0x00, 0x00, 0x00, 0x00, 0x00, 0x00, 0x00, 0x00, 0x00, 0x00, 0x00, 0x00, 0x00, 0x00, 0x00, 0x00, 0x00, 0x00,
    0x00, 0x00, 0x00, 0x00, 0x00, 0x00, 0x00, 0x00, 0x00, 0x00, 0x00, 0x00, 0x00, 0x00, 0x00, 0x00, 0x00, 0x00,
    0x00, 0x00, 0x00, 0x00, 0x00, 0x00, 0x00, 0x00, 0x00, 0x00, 0x00, 0x00, 0x00, 0x00, 0x00, 0x00, 0x00, 0x00,
    0x00, 0x00, 0x00, 0x00, 0x00, 0x00, 0x00, 0x00, 0x00, 0x00, 0x00, 0x00, 0x00, 0x00, 0x00, 0x00, 0x00, 0x00,
};
const lv_img_dsc_t codekeeb_logo_10 = {
    .header.cf = LV_IMG_CF_INDEXED_1BIT,
    .header.always_zero = 0,
    .header.reserved = 0,
    .header.w = 69,
    .header.h = 68,
    .data_size = 620,
    .data = codekeeb_logo_10_map,
};

static const LV_ATTRIBUTE_MEM_ALIGN uint8_t codekeeb_logo_11_map[] = {
#if CONFIG_NICE_OLED_WIDGET_INVERTED
    0x00, 0x00, 0x00, 0xff, 0xff, 0xff, 0xff, 0xff,
#else
    0xff, 0xff, 0xff, 0xff, 0x00, 0x00, 0x00, 0xff,
#endif
    0x00, 0x00, 0x00, 0x00, 0x00, 0x00, 0x00, 0x00, 0x00, 0x00, 0x00, 0x00, 0x00, 0x00, 0x00, 0x00, 0x00, 0x00,
    0x00, 0x00, 0x00, 0x00, 0x00, 0x00, 0x00, 0x00, 0x00, 0x00, 0x00, 0x00, 0x00, 0x00, 0x00, 0x00, 0x00, 0x00,
    0x00, 0x00, 0x00, 0x00, 0x00, 0x00, 0x00, 0x00, 0x00, 0x00, 0x00, 0x00, 0x00, 0x00, 0x00, 0x00, 0x00, 0x00,
    0x00, 0x00, 0x00, 0x00, 0x00, 0x00, 0x00, 0x00, 0x00, 0x00, 0x00, 0x00, 0x00, 0x00, 0x00, 0x00, 0x00, 0x00,
    0x00, 0x00, 0x00, 0x00, 0x00, 0x00, 0x00, 0x00, 0x00, 0x00, 0x00, 0x00, 0x00, 0x00, 0x00, 0x00, 0x00, 0x00,
    0x00, 0x00, 0x00, 0x00, 0x00, 0x00, 0x00, 0x00, 0x00, 0x00, 0x00, 0x00, 0x00, 0x00, 0x00, 0x00, 0x00, 0x00,
    0x00, 0x00, 0x00, 0x00, 0x00, 0x00, 0x00, 0x00, 0x00, 0x00, 0x00, 0x00, 0x00, 0x00, 0x00, 0x00, 0x00, 0x00,
    0x00, 0x00, 0x00, 0x00, 0x00, 0x00, 0x00, 0x00, 0x00, 0x00, 0x00, 0x00, 0x00, 0x00, 0x00, 0x00, 0x00, 0x00,
    0x00, 0x00, 0x00, 0x00, 0x00, 0x00, 0x00, 0x00, 0x00, 0x00, 0x00, 0x00, 0x00, 0x00, 0x00, 0x00, 0x00, 0x00,
    0x00, 0x00, 0x00, 0x00, 0x00, 0x00, 0x00, 0x00, 0x00, 0x00, 0x00, 0x00, 0x00, 0x00, 0x00, 0x00, 0x00, 0x00,
    0x00, 0x1e, 0x00, 0x00, 0x00, 0x00, 0x00, 0x00, 0x00, 0x00, 0x77, 0x80, 0x1f, 0xc3, 0xf9, 0xfc, 0x3f, 0xe0,
    0x00, 0x7f, 0x80, 0x3f, 0xc7, 0xf9, 0xfe, 0x3f, 0xe0, 0x00, 0xf5, 0xc0, 0x7f, 0xcf, 0xf9, 0xff, 0x3f, 0xe0,
    0x01, 0x7f, 0x80, 0x70, 0x0e, 0x39, 0xc7, 0x38, 0x00, 0x01, 0x57, 0x80, 0xe0, 0x1c, 0x73, 0x8e, 0x70, 0x00,
    0x01, 0x7f, 0x80, 0xe0, 0x1c, 0x73, 0x8e, 0x7f, 0x00, 0x01, 0x57, 0x80, 0xe0, 0x1c, 0x73, 0x8e, 0x7f, 0x00,
    0x02, 0xff, 0x00, 0xe0, 0x1c, 0x73, 0x8e, 0x70, 0x00, 0x02, 0xd5, 0x01, 0xc0, 0x38, 0xe7, 0x1c, 0xe0, 0x00,
    0x02, 0xff, 0x01, 0xff, 0x3f, 0xe7, 0xfc, 0xff, 0x80, 0x02, 0xd5, 0x00, 0xff, 0x3f, 0xc7, 0xf8, 0xff, 0x80,
    0x05, 0xfe, 0x00, 0x7f, 0x3f, 0x87, 0xf0, 0xff, 0x80, 0x05, 0x5e, 0x00, 0x00, 0x00, 0x00, 0x00, 0x00, 0x00,
    0x05, 0xfe, 0x00, 0x00, 0x00, 0x00, 0x00, 0x00, 0x00, 0x05, 0x5e, 0x01, 0xc7, 0x3f, 0xe7, 0xfc, 0xff, 0x00,
    0x0b, 0xfc, 0x01, 0xce, 0x3f, 0xe7, 0xfc, 0xff, 0x80, 0x0b, 0x54, 0x01, 0xdc, 0x3f, 0xe7, 0xfc, 0xe3, 0x80,
    0x0b, 0xfc, 0x01, 0xf8, 0x38, 0x07, 0x00, 0xe3, 0x80, 0x0b, 0x54, 0x03, 0xe0, 0x70, 0x0e, 0x01, 0xce, 0x00,
    0x17, 0xf8, 0x03, 0xc0, 0x7f, 0x0f, 0xe1, 0xfc, 0x00, 0x15, 0x78, 0x03, 0xe0, 0x7f, 0x0f, 0xe1, 0xfe, 0x00,
    0x17, 0xf8, 0x03, 0xf0, 0x70, 0x0e, 0x01, 0xc7, 0x00, 0x15, 0x78, 0x07, 0x70, 0xe0, 0x1c, 0x03, 0x8e, 0x00,
    0x3a, 0xf0, 0x07, 0x38, 0xff, 0x9f, 0xf3, 0xfe, 0x00, 0x18, 0x60, 0x07, 0x1c, 0xff, 0x9f, 0xf3, 0xfe, 0x00,
    0x1c, 0xe0, 0x07, 0x1c, 0xff, 0x9f, 0xf3, 0xfc, 0x00, 0x07, 0x80, 0x00, 0x00, 0x00, 0x00, 0x00, 0x00, 0x00,
    0x00, 0x00, 0x00, 0x00, 0x00, 0x00, 0x00, 0x00, 0x00, 0x00, 0x00, 0x00, 0x00, 0x00, 0x00, 0x00, 0x00, 0x00,
    0x00, 0x00, 0x00, 0x00, 0x00, 0x00, 0x00, 0x00, 0x00, 0x00, 0x00, 0x00, 0x00, 0x00, 0x00, 0x00, 0x00, 0x00,
    0x00, 0x00, 0x00, 0x00, 0x00, 0x00, 0x00, 0x00, 0x00, 0x00, 0x00, 0x00, 0x00, 0x00, 0x00, 0x00, 0x00, 0x00,
    0x00, 0x00, 0x00, 0x00, 0x00, 0x00, 0x00, 0x00, 0x00, 0x00, 0x00, 0x00, 0x00, 0x00, 0x00, 0x00, 0x00, 0x00,
    0x00, 0x00, 0x00, 0x00, 0x00, 0x00, 0x00, 0x00, 0x00, 0x00, 0x00, 0x00, 0x00, 0x00, 0x00, 0x00, 0x00, 0x00,
    0x00, 0x00, 0x00, 0x00, 0x00, 0x00, 0x00, 0x00, 0x00, 0x00, 0x00, 0x00, 0x00, 0x00, 0x00, 0x00, 0x00, 0x00,
    0x00, 0x00, 0x00, 0x00, 0x00, 0x00, 0x00, 0x00, 0x00, 0x00, 0x00, 0x00, 0x00, 0x00, 0x00, 0x00, 0x00, 0x00,
    0x00, 0x00, 0x00, 0x00, 0x00, 0x00, 0x00, 0x00, 0x00, 0x00, 0x00, 0x00, 0x00, 0x00, 0x00, 0x00, 0x00, 0x00,
    0x00, 0x00, 0x00, 0x00, 0x00, 0x00, 0x00, 0x00, 0x00, 0x00, 0x00, 0x00, 0x00, 0x00, 0x00, 0x00, 0x00, 0x00,
    0x00, 0x00, 0x00, 0x00, 0x00, 0x00, 0x00, 0x00, 0x00, 0x00, 0x00, 0x00, 0x00, 0x00, 0x00, 0x00, 0x00, 0x00,
};
const lv_img_dsc_t codekeeb_logo_11 = {
    .header.cf = LV_IMG_CF_INDEXED_1BIT,
    .header.always_zero = 0,
    .header.reserved = 0,
    .header.w = 69,
    .header.h = 68,
    .data_size = 620,
    .data = codekeeb_logo_11_map,
};

static const LV_ATTRIBUTE_MEM_ALIGN uint8_t codekeeb_logo_12_map[] = {
#if CONFIG_NICE_OLED_WIDGET_INVERTED
    0x00, 0x00, 0x00, 0xff, 0xff, 0xff, 0xff, 0xff,
#else
    0xff, 0xff, 0xff, 0xff, 0x00, 0x00, 0x00, 0xff,
#endif
    0x00, 0x00, 0x00, 0x00, 0x00, 0x00, 0x00, 0x00, 0x00, 0x00, 0x00, 0x00, 0x00, 0x00, 0x00, 0x00, 0x00, 0x00,
    0x00, 0x00, 0x00, 0x00, 0x00, 0x00, 0x00, 0x00, 0x00, 0x00, 0x00, 0x00, 0x00, 0x00, 0x00, 0x00, 0x00, 0x00,
    0x00, 0x00, 0x00, 0x00, 0x00, 0x00, 0x00, 0x00, 0x00, 0x00, 0x00, 0x00, 0x00, 0x00, 0x00, 0x00, 0x00, 0x00,
    0x00, 0x00, 0x00, 0x00, 0x00, 0x00, 0x00, 0x00, 0x00, 0x00, 0x00, 0x00, 0x00, 0x00, 0x00, 0x00, 0x00, 0x00,
    0x00, 0x00, 0x00, 0x00, 0x00, 0x00, 0x00, 0x00, 0x00, 0x00, 0x00, 0x00, 0x00, 0x00, 0x00, 0x00, 0x00, 0x00,
    0x00, 0x00, 0x00, 0x00, 0x00, 0x00, 0x00, 0x00, 0x00, 0x00, 0x00, 0x00, 0x00, 0x00, 0x00, 0x00, 0x00, 0x00,
    0x00, 0x00, 0x00, 0x00, 0x00, 0x00, 0x00, 0x00, 0x00, 0x00, 0x00, 0x00, 0x00, 0x00, 0x00, 0x00, 0x00, 0x00,
    0x00, 0x00, 0x00, 0x00, 0x00, 0x00, 0x00, 0x00, 0x00, 0x00, 0x00, 0x00, 0x00, 0x00, 0x00, 0x00, 0x00, 0x00,
    0x00, 0x00, 0x00, 0x00, 0x00, 0x00, 0x00, 0x00, 0x00, 0x00, 0x00, 0x00, 0x00, 0x00, 0x00, 0x00, 0x00, 0x00,
    0x00, 0x00, 0x00, 0x00, 0x00, 0x00, 0x00, 0x00, 0x00, 0x00, 0x00, 0x00, 0x00, 0x00, 0x00, 0x00, 0x00, 0x00,
    0x00, 0x1e, 0x00, 0x00, 0x00, 0x00, 0x00, 0x00, 0x00, 0x00, 0x77, 0x80, 0x1f, 0xc3, 0xf9, 0xfc, 0x3f, 0xe0,
    0x00, 0x7f, 0x80, 0x3f, 0xc7, 0xf9, 0xfe, 0x3f, 0xe0, 0x00, 0xf7, 0xc0, 0x7f, 0xcf, 0xf9, 0xff, 0x3f, 0xe0,
    0x01, 0x7f, 0x80, 0x70, 0x0e, 0x39, 0xc7, 0x38, 0x00, 0x01, 0x55, 0x80, 0xe0, 0x1c, 0x73, 0x8e, 0x70, 0x00,
    0x01, 0x7f, 0x80, 0xe0, 0x1c, 0x73, 0x8e, 0x7f, 0x00, 0x01, 0x55, 0x80, 0xe0, 0x1c, 0x73, 0x8e, 0x7f, 0x00,
    0x02, 0xff, 0x00, 0xe0, 0x1c, 0x73, 0x8e, 0x70, 0x00, 0x02, 0xdd, 0x01, 0xc0, 0x38, 0xe7, 0x1c, 0xe0, 0x00,
    0x02, 0xff, 0x01, 0xff, 0x3f, 0xe7, 0xfc, 0xff, 0x80, 0x02, 0xdd, 0x00, 0xff, 0x3f, 0xc7, 0xf8, 0xff, 0x80,
    0x05, 0xfe, 0x00, 0x7f, 0x3f, 0x87, 0xf0, 0xff, 0x80, 0x05, 0x56, 0x00, 0x00, 0x00, 0x00, 0x00, 0x00, 0x00,
    0x05, 0xfe, 0x00, 0x00, 0x00, 0x00, 0x00, 0x00, 0x00, 0x05, 0x56, 0x01, 0xc7, 0x3f, 0xe7, 0xfc, 0xff, 0x00,
    0x0b, 0xfc, 0x01, 0xce, 0x3f, 0xe7, 0xfc, 0xff, 0x80, 0x0b, 0x74, 0x01, 0xdc, 0x3f, 0xe7, 0xfc, 0xe3, 0x80,
    0x0b, 0xfc, 0x01, 0xf8, 0x38, 0x07, 0x00, 0xe3, 0x80, 0x0b, 0x74, 0x03, 0xe0, 0x70, 0x0e, 0x01, 0xce, 0x00,
    0x17, 0xf8, 0x03, 0xc0, 0x7f, 0x0f, 0xe1, 0xfc, 0x00, 0x15, 0x58, 0x03, 0xe0, 0x7f, 0x0f, 0xe1, 0xfe, 0x00,
    0x17, 0xf8, 0x03, 0xf0, 0x70, 0x0e, 0x01, 0xc7, 0x00, 0x15, 0x58, 0x07, 0x70, 0xe0, 0x1c, 0x03, 0x8e, 0x00,
    0x3a, 0xb0, 0x07, 0x38, 0xff, 0x9f, 0xf3, 0xfe, 0x00, 0x18, 0xa0, 0x07, 0x1c, 0xff, 0x9f, 0xf3, 0xfe, 0x00,
    0x1c, 0xe0, 0x07, 0x1c, 0xff, 0x9f, 0xf3, 0xfc, 0x00, 0x07, 0x80, 0x00, 0x00, 0x00, 0x00, 0x00, 0x00, 0x00,
    0x00, 0x00, 0x00, 0x00, 0x00, 0x00, 0x00, 0x00, 0x00, 0x00, 0x00, 0x00, 0x00, 0x00, 0x00, 0x00, 0x00, 0x00,
    0x00, 0x00, 0x00, 0x00, 0x00, 0x00, 0x00, 0x00, 0x00, 0x00, 0x00, 0x00, 0x00, 0x00, 0x00, 0x00, 0x00, 0x00,
    0x00, 0x00, 0x00, 0x00, 0x00, 0x00, 0x00, 0x00, 0x00, 0x00, 0x00, 0x00, 0x00, 0x00, 0x00, 0x00, 0x00, 0x00,
    0x00, 0x00, 0x00, 0x00, 0x00, 0x00, 0x00, 0x00, 0x00, 0x00, 0x00, 0x00, 0x00, 0x00, 0x00, 0x00, 0x00, 0x00,
    0x00, 0x00, 0x00, 0x00, 0x00, 0x00, 0x00, 0x00, 0x00, 0x00, 0x00, 0x00, 0x00, 0x00, 0x00, 0x00, 0x00, 0x00,
    0x00, 0x00, 0x00, 0x00, 0x00, 0x00, 0x00, 0x00, 0x00, 0x00, 0x00, 0x00, 0x00, 0x00, 0x00, 0x00, 0x00, 0x00,
    0x00, 0x00, 0x00, 0x00, 0x00, 0x00, 0x00, 0x00, 0x00, 0x00, 0x00, 0x00, 0x00, 0x00, 0x00, 0x00, 0x00, 0x00,
    0x00, 0x00, 0x00, 0x00, 0x00, 0x00, 0x00, 0x00, 0x00, 0x00, 0x00, 0x00, 0x00, 0x00, 0x00, 0x00, 0x00, 0x00,
    0x00, 0x00, 0x00, 0x00, 0x00, 0x00, 0x00, 0x00, 0x00, 0x00, 0x00, 0x00, 0x00, 0x00, 0x00, 0x00, 0x00, 0x00,
    0x00, 0x00, 0x00, 0x00, 0x00, 0x00, 0x00, 0x00, 0x00, 0x00, 0x00, 0x00, 0x00, 0x00, 0x00, 0x00, 0x00, 0x00,
};
const lv_img_dsc_t codekeeb_logo_12 = {
    .header.cf = LV_IMG_CF_INDEXED_1BIT,
    .header.always_zero = 0,
    .header.reserved = 0,
    .header.w = 69,
    .header.h = 68,
    .data_size = 620,
    .data = codekeeb_logo_12_map,
};

static const LV_ATTRIBUTE_MEM_ALIGN uint8_t codekeeb_logo_13_map[] = {
#if CONFIG_NICE_OLED_WIDGET_INVERTED
    0x00, 0x00, 0x00, 0xff, 0xff, 0xff, 0xff, 0xff,
#else
    0xff, 0xff, 0xff, 0xff, 0x00, 0x00, 0x00, 0xff,
#endif
    0x00, 0x00, 0x00, 0x00, 0x00, 0x00, 0x00, 0x00, 0x00, 0x00, 0x00, 0x00, 0x00, 0x00, 0x00, 0x00, 0x00, 0x00,
    0x00, 0x00, 0x00, 0x00, 0x00, 0x00, 0x00, 0x00, 0x00, 0x00, 0x00, 0x00, 0x00, 0x00, 0x00, 0x00, 0x00, 0x00,
    0x00, 0x00, 0x00, 0x00, 0x00, 0x00, 0x00, 0x00, 0x00, 0x00, 0x00, 0x00, 0x00, 0x00, 0x00, 0x00, 0x00, 0x00,
    0x00, 0x00, 0x00, 0x00, 0x00, 0x00, 0x00, 0x00, 0x00, 0x00, 0x00, 0x00, 0x00, 0x00, 0x00, 0x00, 0x00, 0x00,
    0x00, 0x00, 0x00, 0x00, 0x00, 0x00, 0x00, 0x00, 0x00, 0x00, 0x00, 0x00, 0x00, 0x00, 0x00, 0x00, 0x00, 0x00,
    0x00, 0x00, 0x00, 0x00, 0x00, 0x00, 0x00, 0x00, 0x00, 0x00, 0x00, 0x00, 0x00, 0x00, 0x00, 0x00, 0x00, 0x00,
    0x00, 0x00, 0x00, 0x00, 0x00, 0x00, 0x00, 0x00, 0x00, 0x00, 0x00, 0x00, 0x00, 0x00, 0x00, 0x00, 0x00, 0x00,
    0x00, 0x00, 0x00, 0x00, 0x00, 0x00, 0x00, 0x00, 0x00, 0x00, 0x00, 0x00, 0x00, 0x00, 0x00, 0x00, 0x00, 0x00,
    0x00, 0x00, 0x00, 0x00, 0x00, 0x00, 0x00, 0x00, 0x00, 0x00, 0x00, 0x00, 0x00, 0x00, 0x00, 0x00, 0x00, 0x00,
    0x00, 0x00, 0x00, 0x00, 0x00, 0x00, 0x00, 0x00, 0x00, 0x00, 0x00, 0x00, 0x00, 0x00, 0x00, 0x00, 0x00, 0x00,
    0x00, 0x1e, 0x00, 0x00, 0x00, 0x00, 0x00, 0x00, 0x00, 0x00, 0x77, 0x80, 0x1f, 0xc3, 0xf9, 0xfc, 0x3f, 0xe0,
    0x00, 0x7f, 0x80, 0x3f, 0xc7, 0xf9, 0xfe, 0x3f, 0xe0, 0x00, 0xd7, 0xc0, 0x7f, 0xcf, 0xf9, 0xff, 0x3f, 0xe0,
    0x01, 0xff, 0x80, 0x70, 0x0e, 0x39, 0xc7, 0x38, 0x00, 0x01, 0xd5, 0x80, 0xe0, 0x1c, 0x73, 0x8e, 0x70, 0x00,
    0x01, 0xff, 0x80, 0xe0, 0x1c, 0x73, 0x8e, 0x7f, 0x00, 0x01, 0xd5, 0x80, 0xe0, 0x1c, 0x73, 0x8e, 0x7f, 0x00,
    0x03, 0xff, 0x00, 0xe0, 0x1c, 0x73, 0x8e, 0x70, 0x00, 0x03, 0x5d, 0x01, 0xc0, 0x38, 0xe7, 0x1c, 0xe0, 0x00,
    0x03, 0xff, 0x01, 0xff, 0x3f, 0xe7, 0xfc, 0xff, 0x80, 0x03, 0x5d, 0x00, 0xff, 0x3f, 0xc7, 0xf8, 0xff, 0x80,
    0x07, 0xfe, 0x00, 0x7f, 0x3f, 0x87, 0xf0, 0xff, 0x80, 0x07, 0x56, 0x00, 0x00, 0x00, 0x00, 0x00, 0x00, 0x00,
    0x07, 0xfe, 0x00, 0x00, 0x00, 0x00, 0x00, 0x00, 0x00, 0x07, 0x56, 0x01, 0xc7, 0x3f, 0xe7, 0xfc, 0xff, 0x00,
    0x0f, 0xfc, 0x01, 0xce, 0x3f, 0xe7, 0xfc, 0xff, 0x80, 0x0d, 0x74, 0x01, 0xdc, 0x3f, 0xe7, 0xfc, 0xe3, 0x80,
    0x0f, 0xfc, 0x01, 0xf8, 0x38, 0x07, 0x00, 0xe3, 0x80, 0x0d, 0x74, 0x03, 0xe0, 0x70, 0x0e, 0x01, 0xce, 0x00,
    0x1f, 0xf8, 0x03, 0xc0, 0x7f, 0x0f, 0xe1, 0xfc, 0x00, 0x1d, 0x58, 0x03, 0xe0, 0x7f, 0x0f, 0xe1, 0xfe, 0x00,
    0x1f, 0xf8, 0x03, 0xf0, 0x70, 0x0e, 0x01, 0xc7, 0x00, 0x1d, 0x58, 0x07, 0x70, 0xe0, 0x1c, 0x03, 0x8e, 0x00,
    0x3a, 0xb0, 0x07, 0x38, 0xff, 0x9f, 0xf3, 0xfe, 0x00, 0x10, 0xa0, 0x07, 0x1c, 0xff, 0x9f, 0xf3, 0xfe, 0x00,
    0x1c, 0xe0, 0x07, 0x1c, 0xff, 0x9f, 0xf3, 0xfc, 0x00, 0x07, 0x80, 0x00, 0x00, 0x00, 0x00, 0x00, 0x00, 0x00,
    0x00, 0x00, 0x00, 0x00, 0x00, 0x00, 0x00, 0x00, 0x00, 0x00, 0x00, 0x00, 0x00, 0x00, 0x00, 0x00, 0x00, 0x00,
    0x00, 0x00, 0x00, 0x00, 0x00, 0x00, 0x00, 0x00, 0x00, 0x00, 0x00, 0x00, 0x00, 0x00, 0x00, 0x00, 0x00, 0x00,
    0x00, 0x00, 0x00, 0x00, 0x00, 0x00, 0x00, 0x00, 0x00, 0x00, 0x00, 0x00, 0x00, 0x00, 0x00, 0x00, 0x00, 0x00,
    0x00, 0x00, 0x00, 0x00, 0x00, 0x00, 0x00, 0x00, 0x00, 0x00, 0x00, 0x00, 0x00, 0x00, 0x00, 0x00, 0x00, 0x00,
    0x00, 0x00, 0x00, 0x00, 0x00, 0x00, 0x00, 0x00, 0x00, 0x00, 0x00, 0x00, 0x00, 0x00, 0x00, 0x00, 0x00, 0x00,
    0x00, 0x00, 0x00, 0x00, 0x00, 0x00, 0x00, 0x00, 0x00, 0x00, 0x00, 0x00, 0x00, 0x00, 0x00, 0x00, 0x00, 0x00,
    0x00, 0x00, 0x00, 0x00, 0x00, 0x00, 0x00, 0x00, 0x00, 0x00, 0x00, 0x00, 0x00, 0x00, 0x00, 0x00, 0x00, 0x00,
    0x00, 0x00, 0x00, 0x00, 0x00, 0x00, 0x00, 0x00, 0x00, 0x00, 0x00, 0x00, 0x00, 0x00, 0x00, 0x00, 0x00, 0x00,
    0x00, 0x00, 0x00, 0x00, 0x00, 0x00, 0x00, 0x00, 0x00, 0x00, 0x00, 0x00, 0x00, 0x00, 0x00, 0x00, 0x00, 0x00,
    0x00, 0x00, 0x00, 0x00, 0x00, 0x00, 0x00, 0x00, 0x00, 0x00, 0x00, 0x00, 0x00, 0x00, 0x00, 0x00, 0x00, 0x00,
};
const lv_img_dsc_t codekeeb_logo_13 = {
    .header.cf = LV_IMG_CF_INDEXED_1BIT,
    .header.always_zero = 0,
    .header.reserved = 0,
    .header.w = 69,
    .header.h = 68,
    .data_size = 620,
    .data = codekeeb_logo_13_map,
};

static const LV_ATTRIBUTE_MEM_ALIGN uint8_t codekeeb_logo_14_map[] = {
#if CONFIG_NICE_OLED_WIDGET_INVERTED
    0x00, 0x00, 0x00, 0xff, 0xff, 0xff, 0xff, 0xff,
#else
    0xff, 0xff, 0xff, 0xff, 0x00, 0x00, 0x00, 0xff,
#endif
    0x00, 0x00, 0x00, 0x00, 0x00, 0x00, 0x00, 0x00, 0x00, 0x00, 0x00, 0x00, 0x00, 0x00, 0x00, 0x00, 0x00, 0x00,
    0x00, 0x00, 0x00, 0x00, 0x00, 0x00, 0x00, 0x00, 0x00, 0x00, 0x00, 0x00, 0x00, 0x00, 0x00, 0x00, 0x00, 0x00,
    0x00, 0x00, 0x00, 0x00, 0x00, 0x00, 0x00, 0x00, 0x00, 0x00, 0x00, 0x00, 0x00, 0x00, 0x00, 0x00, 0x00, 0x00,
    0x00, 0x00, 0x00, 0x00, 0x00, 0x00, 0x00, 0x00, 0x00, 0x00, 0x00, 0x00, 0x00, 0x00, 0x00, 0x00, 0x00, 0x00,
    0x00, 0x00, 0x00, 0x00, 0x00, 0x00, 0x00, 0x00, 0x00, 0x00, 0x00, 0x00, 0x00, 0x00, 0x00, 0x00, 0x00, 0x00,
    0x00, 0x00, 0x00, 0x00, 0x00, 0x00, 0x00, 0x00, 0x00, 0x00, 0x00, 0x00, 0x00, 0x00, 0x00, 0x00, 0x00, 0x00,
    0x00, 0x00, 0x00, 0x00, 0x00, 0x00, 0x00, 0x00, 0x00, 0x00, 0x00, 0x00, 0x00, 0x00, 0x00, 0x00, 0x00, 0x00,
    0x00, 0x00, 0x00, 0x00, 0x00, 0x00, 0x00, 0x00, 0x00, 0x00, 0x00, 0x00, 0x00, 0x00, 0x00, 0x00, 0x00, 0x00,
    0x00, 0x00, 0x00, 0x00, 0x00, 0x00, 0x00, 0x00, 0x00, 0x00, 0x00, 0x00, 0x00, 0x00, 0x00, 0x00, 0x00, 0x00,
    0x00, 0x00, 0x00, 0x00, 0x00, 0x00, 0x00, 0x00, 0x00, 0x00, 0x00, 0x00, 0x00, 0x00, 0x00, 0x00, 0x00, 0x00,
    0x00, 0x1e, 0x00, 0x00, 0x00, 0x00, 0x00, 0x00, 0x00, 0x00, 0x77, 0x80, 0x1f, 0xc3, 0xf9, 0xfc, 0x3f, 0xe0,
    0x00, 0x7f, 0x80, 0x3f, 0xc7, 0xf9, 0xfe, 0x3f, 0xe0, 0x00, 0xd7, 0xc0, 0x7f, 0xcf, 0xf9, 0xff, 0x3f, 0xe0,
    0x01, 0xff, 0x80, 0x70, 0x0e, 0x39, 0xc7, 0x38, 0x00, 0x01, 0xd5, 0x80, 0xe0, 0x1c, 0x73, 0x8e, 0x70, 0x00,
    0x01, 0xaf, 0x80, 0xe0, 0x1c, 0x73, 0x8e, 0x7f, 0x00, 0x01, 0xd5, 0x80, 0xe0, 0x1c, 0x73, 0x8e, 0x7f, 0x00,
    0x03, 0xaf, 0x00, 0xe0, 0x1c, 0x73, 0x8e, 0x70, 0x00, 0x03, 0x5d, 0x01, 0xc0, 0x38, 0xe7, 0x1c, 0xe0, 0x00,
    0x03, 0xaf, 0x01, 0xff, 0x3f, 0xe7, 0xfc, 0xff, 0x80, 0x03, 0x5d, 0x00, 0xff, 0x3f, 0xc7, 0xf8, 0xff, 0x80,
    0x06, 0xbe, 0x00, 0x7f, 0x3f, 0x87, 0xf0, 0xff, 0x80, 0x07, 0x56, 0x00, 0x00, 0x00, 0x00, 0x00, 0x00, 0x00,
    0x06, 0xbe, 0x00, 0x00, 0x00, 0x00, 0x00, 0x00, 0x00, 0x07, 0x56, 0x01, 0xc7, 0x3f, 0xe7, 0xfc, 0xff, 0x00,
    0x0e, 0xbc, 0x01, 0xce, 0x3f, 0xe7, 0xfc, 0xff, 0x80, 0x0d, 0x74, 0x01, 0xdc, 0x3f, 0xe7, 0xfc, 0xe3, 0x80,
    0x0e, 0xbc, 0x01, 0xf8, 0x38, 0x07, 0x00, 0xe3, 0x80, 0x0d, 0x74, 0x03, 0xe0, 0x70, 0x0e, 0x01, 0xce, 0x00,
    0x1a, 0xf8, 0x03, 0xc0, 0x7f, 0x0f, 0xe1, 0xfc, 0x00, 0x1d, 0x58, 0x03, 0xe0, 0x7f, 0x0f, 0xe1, 0xfe, 0x00,
    0x1a, 0xf8, 0x03, 0xf0, 0x70, 0x0e, 0x01, 0xc7, 0x00, 0x1d, 0x58, 0x07, 0x70, 0xe0, 0x1c, 0x03, 0x8e, 0x00,
    0x3a, 0xb0, 0x07, 0x38, 0xff, 0x9f, 0xf3, 0xfe, 0x00, 0x10, 0xa0, 0x07, 0x1c, 0xff, 0x9f, 0xf3, 0xfe, 0x00,
    0x1c, 0xe0, 0x07, 0x1c, 0xff, 0x9f, 0xf3, 0xfc, 0x00, 0x07, 0x80, 0x00, 0x00, 0x00, 0x00, 0x00, 0x00, 0x00,
    0x00, 0x00, 0x00, 0x00, 0x00, 0x00, 0x00, 0x00, 0x00, 0x00, 0x00, 0x00, 0x00, 0x00, 0x00, 0x00, 0x00, 0x00,
    0x00, 0x00, 0x00, 0x00, 0x00, 0x00, 0x00, 0x00, 0x00, 0x00, 0x00, 0x00, 0x00, 0x00, 0x00, 0x00, 0x00, 0x00,
    0x00, 0x00, 0x00, 0x00, 0x00, 0x00, 0x00, 0x00, 0x00, 0x00, 0x00, 0x00, 0x00, 0x00, 0x00, 0x00, 0x00, 0x00,
    0x00, 0x00, 0x00, 0x00, 0x00, 0x00, 0x00, 0x00, 0x00, 0x00, 0x00, 0x00, 0x00, 0x00, 0x00, 0x00, 0x00, 0x00,
    0x00, 0x00, 0x00, 0x00, 0x00, 0x00, 0x00, 0x00, 0x00, 0x00, 0x00, 0x00, 0x00, 0x00, 0x00, 0x00, 0x00, 0x00,
    0x00, 0x00, 0x00, 0x00, 0x00, 0x00, 0x00, 0x00, 0x00, 0x00, 0x00, 0x00, 0x00, 0x00, 0x00, 0x00, 0x00, 0x00,
    0x00, 0x00, 0x00, 0x00, 0x00, 0x00, 0x00, 0x00, 0x00, 0x00, 0x00, 0x00, 0x00, 0x00, 0x00, 0x00, 0x00, 0x00,
    0x00, 0x00, 0x00, 0x00, 0x00, 0x00, 0x00, 0x00, 0x00, 0x00, 0x00, 0x00, 0x00, 0x00, 0x00, 0x00, 0x00, 0x00,
    0x00, 0x00, 0x00, 0x00, 0x00, 0x00, 0x00, 0x00, 0x00, 0x00, 0x00, 0x00, 0x00, 0x00, 0x00, 0x00, 0x00, 0x00,
    0x00, 0x00, 0x00, 0x00, 0x00, 0x00, 0x00, 0x00, 0x00, 0x00, 0x00, 0x00, 0x00, 0x00, 0x00, 0x00, 0x00, 0x00,
};
const lv_img_dsc_t codekeeb_logo_14 = {
    .header.cf = LV_IMG_CF_INDEXED_1BIT,
    .header.always_zero = 0,
    .header.reserved = 0,
    .header.w = 69,
    .header.h = 68,
    .data_size = 620,
    .data = codekeeb_logo_14_map,
};

static const LV_ATTRIBUTE_MEM_ALIGN uint8_t codekeeb_logo_15_map[] = {
#if CONFIG_NICE_OLED_WIDGET_INVERTED
    0x00, 0x00, 0x00, 0xff, 0xff, 0xff, 0xff, 0xff,
#else
    0xff, 0xff, 0xff, 0xff, 0x00, 0x00, 0x00, 0xff,
#endif
    0x00, 0x00, 0x00, 0x00, 0x00, 0x00, 0x00, 0x00, 0x00, 0x00, 0x00, 0x00, 0x00, 0x00, 0x00, 0x00, 0x00, 0x00,
    0x00, 0x00, 0x00, 0x00, 0x00, 0x00, 0x00, 0x00, 0x00, 0x00, 0x00, 0x00, 0x00, 0x00, 0x00, 0x00, 0x00, 0x00,
    0x00, 0x00, 0x00, 0x00, 0x00, 0x00, 0x00, 0x00, 0x00, 0x00, 0x00, 0x00, 0x00, 0x00, 0x00, 0x00, 0x00, 0x00,
    0x00, 0x00, 0x00, 0x00, 0x00, 0x00, 0x00, 0x00, 0x00, 0x00, 0x00, 0x00, 0x00, 0x00, 0x00, 0x00, 0x00, 0x00,
    0x00, 0x00, 0x00, 0x00, 0x00, 0x00, 0x00, 0x00, 0x00, 0x00, 0x00, 0x00, 0x00, 0x00, 0x00, 0x00, 0x00, 0x00,
    0x00, 0x00, 0x00, 0x00, 0x00, 0x00, 0x00, 0x00, 0x00, 0x00, 0x00, 0x00, 0x00, 0x00, 0x00, 0x00, 0x00, 0x00,
    0x00, 0x00, 0x00, 0x00, 0x00, 0x00, 0x00, 0x00, 0x00, 0x00, 0x00, 0x00, 0x00, 0x00, 0x00, 0x00, 0x00, 0x00,
    0x00, 0x00, 0x00, 0x00, 0x00, 0x00, 0x00, 0x00, 0x00, 0x00, 0x00, 0x00, 0x00, 0x00, 0x00, 0x00, 0x00, 0x00,
    0x00, 0x00, 0x00, 0x00, 0x00, 0x00, 0x00, 0x00, 0x00, 0x00, 0x00, 0x00, 0x00, 0x00, 0x00, 0x00, 0x00, 0x00,
    0x00, 0x00, 0x00, 0x00, 0x00, 0x00, 0x00, 0x00, 0x00, 0x00, 0x00, 0x00, 0x00, 0x00, 0x00, 0x00, 0x00, 0x00,
    0x00, 0x1e, 0x00, 0x00, 0x00, 0x00, 0x00, 0x00, 0x00, 0x00, 0x77, 0x80, 0x1f, 0xc3, 0xf9, 0xfc, 0x3f, 0xe0,
    0x00, 0x7f, 0x80, 0x3f, 0xc7, 0xf9, 0xfe, 0x3f, 0xe0, 0x00, 0xd7, 0xc0, 0x7f, 0xcf, 0xf9, 0xff, 0x3f, 0xe0,
    0x01, 0xff, 0x80, 0x70, 0x0e, 0x39, 0xc7, 0x38, 0x00, 0x01, 0xd5, 0x80, 0xe0, 0x1c, 0x73, 0x8e, 0x70, 0x00,
    0x01, 0xaf, 0x80, 0xe0, 0x1c, 0x73, 0x8e, 0x7f, 0x00, 0x01, 0xd5, 0x80, 0xe0, 0x1c, 0x73, 0x8e, 0x7f, 0x00,
    0x03, 0xaf, 0x00, 0xe0, 0x1c, 0x73, 0x8e, 0x70, 0x00, 0x03, 0x5d, 0x01, 0xc0, 0x38, 0xe7, 0x1c, 0xe0, 0x00,
    0x03, 0xaf, 0x01, 0xff, 0x3f, 0xe7, 0xfc, 0xff, 0x80, 0x03, 0x5d, 0x00, 0xff, 0x3f, 0xc7, 0xf8, 0xff, 0x80,
    0x06, 0xbe, 0x00, 0x7f, 0x3f, 0x87, 0xf0, 0xff, 0x80, 0x07, 0x56, 0x00, 0x00, 0x00, 0x00, 0x00, 0x00, 0x00,
    0x06, 0xbe, 0x00, 0x00, 0x00, 0x00, 0x00, 0x00, 0x00, 0x07, 0x56, 0x01, 0xc7, 0x3f, 0xe7, 0xfc, 0xff, 0x00,
    0x0e, 0xbc, 0x01, 0xce, 0x3f, 0xe7, 0xfc, 0xff, 0x80, 0x0d, 0x74, 0x01, 0xdc, 0x3f, 0xe7, 0xfc, 0xe3, 0x80,
    0x0e, 0xbc, 0x01, 0xf8, 0x38, 0x07, 0x00, 0xe3, 0x80, 0x0d, 0x74, 0x03, 0xe0, 0x70, 0x0e, 0x01, 0xce, 0x00,
    0x1a, 0xf8, 0x03, 0xc0, 0x7f, 0x0f, 0xe1, 0xfc, 0x00, 0x1d, 0x58, 0x03, 0xe0, 0x7f, 0x0f, 0xe1, 0xfe, 0x00,
    0x1a, 0xf8, 0x03, 0xf0, 0x70, 0x0e, 0x01, 0xc7, 0x00, 0x1d, 0x58, 0x07, 0x70, 0xe0, 0x1c, 0x03, 0x8e, 0x00,
    0x3a, 0xb0, 0x07, 0x38, 0xff, 0x9f, 0xf3, 0xfe, 0x00, 0x10, 0xa0, 0x07, 0x1c, 0xff, 0x9f, 0xf3, 0xfe, 0x00,
    0x1c, 0xe0, 0x07, 0x1c, 0xff, 0x9f, 0xf3, 0xfc, 0x00, 0x07, 0x80, 0x00, 0x00, 0x00, 0x00, 0x00, 0x00, 0x00,
    0x00, 0x00, 0x00, 0x00, 0x00, 0x00, 0x00, 0x00, 0x00, 0x00, 0x00, 0x00, 0x00, 0x00, 0x00, 0x00, 0x00, 0x00,
    0x00, 0x00, 0x00, 0x00, 0x00, 0x00, 0x00, 0x00, 0x00, 0x00, 0x00, 0x00, 0x00, 0x00, 0x00, 0x00, 0x00, 0x00,
    0x00, 0x00, 0x00, 0x00, 0x00, 0x00, 0x00, 0x00, 0x00, 0x00, 0x00, 0x00, 0x00, 0x00, 0x00, 0x00, 0x00, 0x00,
    0x00, 0x00, 0x00, 0x00, 0x00, 0x00, 0x00, 0x00, 0x00, 0x00, 0x00, 0x00, 0x00, 0x00, 0x00, 0x00, 0x00, 0x00,
    0x00, 0x00, 0x00, 0x00, 0x00, 0x00, 0x00, 0x00, 0x00, 0x00, 0x00, 0x00, 0x00, 0x00, 0x00, 0x00, 0x00, 0x00,
    0x00, 0x00, 0x00, 0x00, 0x00, 0x00, 0x00, 0x00, 0x00, 0x00, 0x00, 0x00, 0x00, 0x00, 0x00, 0x00, 0x00, 0x00,
    0x00, 0x00, 0x00, 0x00, 0x00, 0x00, 0x00, 0x00, 0x00, 0x00, 0x00, 0x00, 0x00, 0x00, 0x00, 0x00, 0x00, 0x00,
    0x00, 0x00, 0x00, 0x00, 0x00, 0x00, 0x00, 0x00, 0x00, 0x00, 0x00, 0x00, 0x00, 0x00, 0x00, 0x00, 0x00, 0x00,
    0x00, 0x00, 0x00, 0x00, 0x00, 0x00, 0x00, 0x00, 0x00, 0x00, 0x00, 0x00, 0x00, 0x00, 0x00, 0x00, 0x00, 0x00,
    0x00, 0x00, 0x00, 0x00, 0x00, 0x00, 0x00, 0x00, 0x00, 0x00, 0x00, 0x00, 0x00, 0x00, 0x00, 0x00, 0x00, 0x00,
};
const lv_img_dsc_t codekeeb_logo_15 = {
    .header.cf = LV_IMG_CF_INDEXED_1BIT,
    .header.always_zero = 0,
    .header.reserved = 0,
    .header.w = 69,
    .header.h = 68,
    .data_size = 620,
    .data = codekeeb_logo_15_map,
};

static const LV_ATTRIBUTE_MEM_ALIGN uint8_t codekeeb_logo_16_map[] = {
#if CONFIG_NICE_OLED_WIDGET_INVERTED
    0x00, 0x00, 0x00, 0xff, 0xff, 0xff, 0xff, 0xff,
#else
    0xff, 0xff, 0xff, 0xff, 0x00, 0x00, 0x00, 0xff,
#endif
    0x00, 0x00, 0x00, 0x00, 0x00, 0x00, 0x00, 0x00, 0x00, 0x00, 0x00, 0x00, 0x00, 0x00, 0x00, 0x00, 0x00, 0x00,
    0x00, 0x00, 0x00, 0x00, 0x00, 0x00, 0x00, 0x00, 0x00, 0x00, 0x00, 0x00, 0x00, 0x00, 0x00, 0x00, 0x00, 0x00,
    0x00, 0x00, 0x00, 0x00, 0x00, 0x00, 0x00, 0x00, 0x00, 0x00, 0x00, 0x00, 0x00, 0x00, 0x00, 0x00, 0x00, 0x00,
    0x00, 0x00, 0x00, 0x00, 0x00, 0x00, 0x00, 0x00, 0x00, 0x00, 0x00, 0x00, 0x00, 0x00, 0x00, 0x00, 0x00, 0x00,
    0x00, 0x00, 0x00, 0x00, 0x00, 0x00, 0x00, 0x00, 0x00, 0x00, 0x00, 0x00, 0x00, 0x00, 0x00, 0x00, 0x00, 0x00,
    0x00, 0x00, 0x00, 0x00, 0x00, 0x00, 0x00, 0x00, 0x00, 0x00, 0x00, 0x00, 0x00, 0x00, 0x00, 0x00, 0x00, 0x00,
    0x00, 0x00, 0x00, 0x00, 0x00, 0x00, 0x00, 0x00, 0x00, 0x00, 0x00, 0x00, 0x00, 0x00, 0x00, 0x00, 0x00, 0x00,
    0x00, 0x00, 0x00, 0x00, 0x00, 0x00, 0x00, 0x00, 0x00, 0x00, 0x00, 0x00, 0x00, 0x00, 0x00, 0x00, 0x00, 0x00,
    0x00, 0x00, 0x00, 0x00, 0x00, 0x00, 0x00, 0x00, 0x00, 0x00, 0x00, 0x00, 0x00, 0x00, 0x00, 0x00, 0x00, 0x00,
    0x00, 0x00, 0x00, 0x00, 0x00, 0x00, 0x00, 0x00, 0x00, 0x00, 0x00, 0x00, 0x00, 0x00, 0x00, 0x00, 0x00, 0x00,
    0x00, 0x1e, 0x00, 0x00, 0x00, 0x00, 0x00, 0x00, 0x00, 0x00, 0x77, 0x80, 0x1f, 0xc3, 0xf9, 0xfc, 0x3f, 0xe0,
    0x00, 0x7f, 0x80, 0x3f, 0xc7, 0xf9, 0xfe, 0x3f, 0xe0, 0x00, 0xd7, 0xc0, 0x7f, 0xcf, 0xf9, 0xff, 0x3f, 0xe0,
    0x01, 0xff, 0x80, 0x70, 0x0e, 0x39, 0xc7, 0x38, 0x00, 0x01, 0xd5, 0x80, 0xe0, 0x1c, 0x73, 0x8e, 0x70, 0x00,
    0x01, 0xaf, 0x80, 0xe0, 0x1c, 0x73, 0x8e, 0x7f, 0x00, 0x01, 0xd5, 0x80, 0xe0, 0x1c, 0x73, 0x8e, 0x7f, 0x00,
    0x03, 0xaf, 0x00, 0xe0, 0x1c, 0x73, 0x8e, 0x70, 0x00, 0x03, 0x5d, 0x01, 0xc0, 0x38, 0xe7, 0x1c, 0xe0, 0x00,
    0x03, 0xaf, 0x01, 0xff, 0x3f, 0xe7, 0xfc, 0xff, 0x80, 0x03, 0x5d, 0x00, 0xff, 0x3f, 0xc7, 0xf8, 0xff, 0x80,
    0x06, 0xbe, 0x00, 0x7f, 0x3f, 0x87, 0xf0, 0xff, 0x80, 0x07, 0x56, 0x00, 0x00, 0x00, 0x00, 0x00, 0x00, 0x00,
    0x06, 0xbe, 0x00, 0x00, 0x00, 0x00, 0x00, 0x00, 0x00, 0x07, 0x56, 0x01, 0xc7, 0x3f, 0xe7, 0xfc, 0xff, 0x00,
    0x0e, 0xbc, 0x01, 0xce, 0x3f, 0xe7, 0xfc, 0xff, 0x80, 0x0d, 0x74, 0x01, 0xdc, 0x3f, 0xe7, 0xfc, 0xe3, 0x80,
    0x0e, 0xbc, 0x01, 0xf8, 0x38, 0x07, 0x00, 0xe3, 0x80, 0x0d, 0x74, 0x03, 0xe0, 0x70, 0x0e, 0x01, 0xce, 0x00,
    0x1a, 0xf8, 0x03, 0xc0, 0x7f, 0x0f, 0xe1, 0xfc, 0x00, 0x1d, 0x58, 0x03, 0xe0, 0x7f, 0x0f, 0xe1, 0xfe, 0x00,
    0x1a, 0xf8, 0x03, 0xf0, 0x70, 0x0e, 0x01, 0xc7, 0x00, 0x1d, 0x58, 0x07, 0x70, 0xe0, 0x1c, 0x03, 0x8e, 0x00,
    0x3a, 0xb0, 0x07, 0x38, 0xff, 0x9f, 0xf3, 0xfe, 0x00, 0x10, 0xa0, 0x07, 0x1c, 0xff, 0x9f, 0xf3, 0xfe, 0x00,
    0x1c, 0xe0, 0x07, 0x1c, 0xff, 0x9f, 0xf3, 0xfc, 0x00, 0x07, 0x80, 0x00, 0x00, 0x00, 0x00, 0x00, 0x00, 0x00,
    0x00, 0x00, 0x00, 0x00, 0x00, 0x00, 0x00, 0x00, 0x00, 0x00, 0x00, 0x00, 0x00, 0x00, 0x00, 0x00, 0x00, 0x00,
    0x00, 0x00, 0x00, 0x00, 0x00, 0x00, 0x00, 0x00, 0x00, 0x00, 0x00, 0x00, 0x00, 0x00, 0x00, 0x00, 0x00, 0x00,
    0x00, 0x00, 0x00, 0x00, 0x00, 0x00, 0x00, 0x00, 0x00, 0x00, 0x00, 0x00, 0x00, 0x00, 0x00, 0x00, 0x00, 0x00,
    0x00, 0x00, 0x00, 0x00, 0x00, 0x00, 0x00, 0x00, 0x00, 0x00, 0x00, 0x00, 0x00, 0x00, 0x00, 0x00, 0x00, 0x00,
    0x00, 0x00, 0x00, 0x00, 0x00, 0x00, 0x00, 0x00, 0x00, 0x00, 0x00, 0x00, 0x00, 0x00, 0x00, 0x00, 0x00, 0x00,
    0x00, 0x00, 0x00, 0x00, 0x00, 0x00, 0x00, 0x00, 0x00, 0x00, 0x00, 0x00, 0x00, 0x00, 0x00, 0x00, 0x00, 0x00,
    0x00, 0x00, 0x00, 0x00, 0x00, 0x00, 0x00, 0x00, 0x00, 0x00, 0x00, 0x00, 0x00, 0x00, 0x00, 0x00, 0x00, 0x00,
    0x00, 0x00, 0x00, 0x00, 0x00, 0x00, 0x00, 0x00, 0x00, 0x00, 0x00, 0x00, 0x00, 0x00, 0x00, 0x00, 0x00, 0x00,
    0x00, 0x00, 0x00, 0x00, 0x00, 0x00, 0x00, 0x00, 0x00, 0x00, 0x00, 0x00, 0x00, 0x00, 0x00, 0x00, 0x00, 0x00,
    0x00, 0x00, 0x00, 0x00, 0x00, 0x00, 0x00, 0x00, 0x00, 0x00, 0x00, 0x00, 0x00, 0x00, 0x00, 0x00, 0x00, 0x00,
};
const lv_img_dsc_t codekeeb_logo_16 = {
    .header.cf = LV_IMG_CF_INDEXED_1BIT,
    .header.always_zero = 0,
    .header.reserved = 0,
    .header.w = 69,
    .header.h = 68,
    .data_size = 620,
    .data = codekeeb_logo_16_map,
};

static const LV_ATTRIBUTE_MEM_ALIGN uint8_t codekeeb_logo_17_map[] = {
#if CONFIG_NICE_OLED_WIDGET_INVERTED
    0x00, 0x00, 0x00, 0xff, 0xff, 0xff, 0xff, 0xff,
#else
    0xff, 0xff, 0xff, 0xff, 0x00, 0x00, 0x00, 0xff,
#endif
    0x00, 0x00, 0x00, 0x00, 0x00, 0x00, 0x00, 0x00, 0x00, 0x00, 0x00, 0x00, 0x00, 0x00, 0x00, 0x00, 0x00, 0x00,
    0x00, 0x00, 0x00, 0x00, 0x00, 0x00, 0x00, 0x00, 0x00, 0x00, 0x00, 0x00, 0x00, 0x00, 0x00, 0x00, 0x00, 0x00,
    0x00, 0x00, 0x00, 0x00, 0x00, 0x00, 0x00, 0x00, 0x00, 0x00, 0x00, 0x00, 0x00, 0x00, 0x00, 0x00, 0x00, 0x00,
    0x00, 0x00, 0x00, 0x00, 0x00, 0x00, 0x00, 0x00, 0x00, 0x00, 0x00, 0x00, 0x00, 0x00, 0x00, 0x00, 0x00, 0x00,
    0x00, 0x00, 0x00, 0x00, 0x00, 0x00, 0x00, 0x00, 0x00, 0x00, 0x00, 0x00, 0x00, 0x00, 0x00, 0x00, 0x00, 0x00,
    0x00, 0x00, 0x00, 0x00, 0x00, 0x00, 0x00, 0x00, 0x00, 0x00, 0x00, 0x00, 0x00, 0x00, 0x00, 0x00, 0x00, 0x00,
    0x00, 0x00, 0x00, 0x00, 0x00, 0x00, 0x00, 0x00, 0x00, 0x00, 0x00, 0x00, 0x00, 0x00, 0x00, 0x00, 0x00, 0x00,
    0x00, 0x00, 0x00, 0x00, 0x00, 0x00, 0x00, 0x00, 0x00, 0x00, 0x00, 0x00, 0x00, 0x00, 0x00, 0x00, 0x00, 0x00,
    0x00, 0x00, 0x00, 0x00, 0x00, 0x00, 0x00, 0x00, 0x00, 0x00, 0x00, 0x00, 0x00, 0x00, 0x00, 0x00, 0x00, 0x00,
    0x00, 0x00, 0x00, 0x00, 0x00, 0x00, 0x00, 0x00, 0x00, 0x00, 0x00, 0x00, 0x00, 0x00, 0x00, 0x00, 0x00, 0x00,
    0x00, 0x1e, 0x00, 0x00, 0x00, 0x00, 0x00, 0x00, 0x00, 0x00, 0x77, 0x80, 0x1f, 0xc3, 0xf9, 0xfc, 0x3f, 0xe0,
    0x00, 0x7f, 0x80, 0x3f, 0xc7, 0xf9, 0xfe, 0x3f, 0xe0, 0x00, 0xd7, 0xc0, 0x7f, 0xcf, 0xf9, 0xff, 0x3f, 0xe0,
    0x01, 0xaf, 0x80, 0x70, 0x0e, 0x39, 0xc7, 0x38, 0x00, 0x01, 0xd5, 0x80, 0xe0, 0x1c, 0x73, 0x8e, 0x70, 0x00,
    0x01, 0xaf, 0x80, 0xe0, 0x1c, 0x73, 0x8e, 0x7f, 0x00, 0x01, 0xd5, 0x80, 0xe0, 0x1c, 0x73, 0x8e, 0x7f, 0x00,
    0x03, 0xaf, 0x00, 0xe0, 0x1c, 0x73, 0x8e, 0x70, 0x00, 0x03, 0x5d, 0x01, 0xc0, 0x38, 0xe7, 0x1c, 0xe0, 0x00,
    0x03, 0xaf, 0x01, 0xff, 0x3f, 0xe7, 0xfc, 0xff, 0x80, 0x03, 0x5d, 0x00, 0xff, 0x3f, 0xc7, 0xf8, 0xff, 0x80,
    0x06, 0xbe, 0x00, 0x7f, 0x3f, 0x87, 0xf0, 0xff, 0x80, 0x07, 0x56, 0x00, 0x00, 0x00, 0x00, 0x00, 0x00, 0x00,
    0x06, 0xbe, 0x00, 0x00, 0x00, 0x00, 0x00, 0x00, 0x00, 0x07, 0x56, 0x01, 0xc7, 0x3f, 0xe7, 0xfc, 0xff, 0x00,
    0x0e, 0xbc, 0x01, 0xce, 0x3f, 0xe7, 0xfc, 0xff, 0x80, 0x0d, 0x74, 0x01, 0xdc, 0x3f, 0xe7, 0xfc, 0xe3, 0x80,
    0x0e, 0xbc, 0x01, 0xf8, 0x38, 0x07, 0x00, 0xe3, 0x80, 0x0d, 0x74, 0x03, 0xe0, 0x70, 0x0e, 0x01, 0xce, 0x00,
    0x1a, 0xf8, 0x03, 0xc0, 0x7f, 0x0f, 0xe1, 0xfc, 0x00, 0x1d, 0x58, 0x03, 0xe0, 0x7f, 0x0f, 0xe1, 0xfe, 0x00,
    0x1a, 0xf8, 0x03, 0xf0, 0x70, 0x0e, 0x01, 0xc7, 0x00, 0x1d, 0x58, 0x07, 0x70, 0xe0, 0x1c, 0x03, 0x8e, 0x00,
    0x3a, 0xb0, 0x07, 0x38, 0xff, 0x9f, 0xf3, 0xfe, 0x00, 0x10, 0xa0, 0x07, 0x1c, 0xff, 0x9f, 0xf3, 0xfe, 0x00,
    0x1c, 0xe0, 0x07, 0x1c, 0xff, 0x9f, 0xf3, 0xfc, 0x00, 0x07, 0x80, 0x00, 0x00, 0x00, 0x00, 0x00, 0x00, 0x00,
    0x00, 0x00, 0x00, 0x00, 0x00, 0x00, 0x00, 0x00, 0x00, 0x00, 0x00, 0x00, 0x00, 0x00, 0x00, 0x00, 0x00, 0x00,
    0x00, 0x00, 0x00, 0x00, 0x00, 0x00, 0x00, 0x00, 0x00, 0x00, 0x00, 0x00, 0x00, 0x00, 0x00, 0x00, 0x00, 0x00,
    0x00, 0x00, 0x00, 0x00, 0x00, 0x00, 0x00, 0x00, 0x00, 0x00, 0x00, 0x00, 0x00, 0x00, 0x00, 0x00, 0x00, 0x00,
    0x00, 0x00, 0x00, 0x00, 0x00, 0x00, 0x00, 0x00, 0x00, 0x00, 0x00, 0x00, 0x00, 0x00, 0x00, 0x00, 0x00, 0x00,
    0x00, 0x00, 0x00, 0x00, 0x00, 0x00, 0x00, 0x00, 0x00, 0x00, 0x00, 0x00, 0x00, 0x00, 0x00, 0x00, 0x00, 0x00,
    0x00, 0x00, 0x00, 0x00, 0x00, 0x00, 0x00, 0x00, 0x00, 0x00, 0x00, 0x00, 0x00, 0x00, 0x00, 0x00, 0x00, 0x00,
    0x00, 0x00, 0x00, 0x00, 0x00, 0x00, 0x00, 0x00, 0x00, 0x00, 0x00, 0x00, 0x00, 0x00, 0x00, 0x00, 0x00, 0x00,
    0x00, 0x00, 0x00, 0x00, 0x00, 0x00, 0x00, 0x00, 0x00, 0x00, 0x00, 0x00, 0x00, 0x00, 0x00, 0x00, 0x00, 0x00,
    0x00, 0x00, 0x00, 0x00, 0x00, 0x00, 0x00, 0x00, 0x00, 0x00, 0x00, 0x00, 0x00, 0x00, 0x00, 0x00, 0x00, 0x00,
    0x00, 0x00, 0x00, 0x00, 0x00, 0x00, 0x00, 0x00, 0x00, 0x00, 0x00, 0x00, 0x00, 0x00, 0x00, 0x00, 0x00, 0x00,
};
const lv_img_dsc_t codekeeb_logo_17 = {
    .header.cf = LV_IMG_CF_INDEXED_1BIT,
    .header.always_zero = 0,
    .header.reserved = 0,
    .header.w = 69,
    .header.h = 68,
    .data_size = 620,
    .data = codekeeb_logo_17_map,
};

static const LV_ATTRIBUTE_MEM_ALIGN uint8_t codekeeb_logo_18_map[] = {
#if CONFIG_NICE_OLED_WIDGET_INVERTED
    0x00, 0x00, 0x00, 0xff, 0xff, 0xff, 0xff, 0xff,
#else
    0xff, 0xff, 0xff, 0xff, 0x00, 0x00, 0x00, 0xff,
#endif
    0x00, 0x00, 0x00, 0x00, 0x00, 0x00, 0x00, 0x00, 0x00, 0x00, 0x00, 0x00, 0x00, 0x00, 0x00, 0x00, 0x00, 0x00,
    0x00, 0x00, 0x00, 0x00, 0x00, 0x00, 0x00, 0x00, 0x00, 0x00, 0x00, 0x00, 0x00, 0x00, 0x00, 0x00, 0x00, 0x00,
    0x00, 0x00, 0x00, 0x00, 0x00, 0x00, 0x00, 0x00, 0x00, 0x00, 0x00, 0x00, 0x00, 0x00, 0x00, 0x00, 0x00, 0x00,
    0x00, 0x00, 0x00, 0x00, 0x00, 0x00, 0x00, 0x00, 0x00, 0x00, 0x00, 0x00, 0x00, 0x00, 0x00, 0x00, 0x00, 0x00,
    0x00, 0x00, 0x00, 0x00, 0x00, 0x00, 0x00, 0x00, 0x00, 0x00, 0x00, 0x00, 0x00, 0x00, 0x00, 0x00, 0x00, 0x00,
    0x00, 0x00, 0x00, 0x00, 0x00, 0x00, 0x00, 0x00, 0x00, 0x00, 0x00, 0x00, 0x00, 0x00, 0x00, 0x00, 0x00, 0x00,
    0x00, 0x00, 0x00, 0x00, 0x00, 0x00, 0x00, 0x00, 0x00, 0x00, 0x00, 0x00, 0x00, 0x00, 0x00, 0x00, 0x00, 0x00,
    0x00, 0x00, 0x00, 0x00, 0x00, 0x00, 0x00, 0x00, 0x00, 0x00, 0x00, 0x00, 0x00, 0x00, 0x00, 0x00, 0x00, 0x00,
    0x00, 0x00, 0x00, 0x00, 0x00, 0x00, 0x00, 0x00, 0x00, 0x00, 0x00, 0x00, 0x00, 0x00, 0x00, 0x00, 0x00, 0x00,
    0x00, 0x00, 0x00, 0x00, 0x00, 0x00, 0x00, 0x00, 0x00, 0x00, 0x00, 0x00, 0x00, 0x00, 0x00, 0x00, 0x00, 0x00,
    0x00, 0x1e, 0x00, 0x00, 0x00, 0x00, 0x00, 0x00, 0x00, 0x00, 0x77, 0x80, 0x1f, 0xc3, 0xf9, 0xfc, 0x3f, 0xe0,
    0x00, 0x7f, 0x80, 0x3f, 0xc7, 0xf9, 0xfe, 0x3f, 0xe0, 0x00, 0xd7, 0xc0, 0x7f, 0xcf, 0xf9, 0xff, 0x3f, 0xe0,
    0x01, 0xaf, 0x80, 0x70, 0x0e, 0x39, 0xc7, 0x38, 0x00, 0x01, 0x5d, 0x80, 0xe0, 0x1c, 0x73, 0x8e, 0x70, 0x00,
    0x01, 0xaf, 0x80, 0xe0, 0x1c, 0x73, 0x8e, 0x7f, 0x00, 0x01, 0x5d, 0x80, 0xe0, 0x1c, 0x73, 0x8e, 0x7f, 0x00,
    0x02, 0xbf, 0x00, 0xe0, 0x1c, 0x73, 0x8e, 0x70, 0x00, 0x03, 0x55, 0x01, 0xc0, 0x38, 0xe7, 0x1c, 0xe0, 0x00,
    0x02, 0xbf, 0x01, 0xff, 0x3f, 0xe7, 0xfc, 0xff, 0x80, 0x03, 0x55, 0x00, 0xff, 0x3f, 0xc7, 0xf8, 0xff, 0x80,
    0x06, 0xbe, 0x00, 0x7f, 0x3f, 0x87, 0xf0, 0xff, 0x80, 0x05, 0x76, 0x00, 0x00, 0x00, 0x00, 0x00, 0x00, 0x00,
    0x06, 0xbe, 0x00, 0x00, 0x00, 0x00, 0x00, 0x00, 0x00, 0x05, 0x76, 0x01, 0xc7, 0x3f, 0xe7, 0xfc, 0xff, 0x00,
    0x0a, 0xfc, 0x01, 0xce, 0x3f, 0xe7, 0xfc, 0xff, 0x80, 0x0d, 0x54, 0x01, 0xdc, 0x3f, 0xe7, 0xfc, 0xe3, 0x80,
    0x0a, 0xfc, 0x01, 0xf8, 0x38, 0x07, 0x00, 0xe3, 0x80, 0x0d, 0x54, 0x03, 0xe0, 0x70, 0x0e, 0x01, 0xce, 0x00,
    0x1a, 0xf8, 0x03, 0xc0, 0x7f, 0x0f, 0xe1, 0xfc, 0x00, 0x15, 0xd8, 0x03, 0xe0, 0x7f, 0x0f, 0xe1, 0xfe, 0x00,
    0x1a, 0xf8, 0x03, 0xf0, 0x70, 0x0e, 0x01, 0xc7, 0x00, 0x15, 0xd8, 0x07, 0x70, 0xe0, 0x1c, 0x03, 0x8e, 0x00,
    0x3b, 0xb0, 0x07, 0x38, 0xff, 0x9f, 0xf3, 0xfe, 0x00, 0x11, 0x20, 0x07, 0x1c, 0xff, 0x9f, 0xf3, 0xfe, 0x00,
    0x1d, 0xe0, 0x07, 0x1c, 0xff, 0x9f, 0xf3, 0xfc, 0x00, 0x07, 0x80, 0x00, 0x00, 0x00, 0x00, 0x00, 0x00, 0x00,
    0x00, 0x00, 0x00, 0x00, 0x00, 0x00, 0x00, 0x00, 0x00, 0x00, 0x00, 0x00, 0x00, 0x00, 0x00, 0x00, 0x00, 0x00,
    0x00, 0x00, 0x00, 0x00, 0x00, 0x00, 0x00, 0x00, 0x00, 0x00, 0x00, 0x00, 0x00, 0x00, 0x00, 0x00, 0x00, 0x00,
    0x00, 0x00, 0x00, 0x00, 0x00, 0x00, 0x00, 0x00, 0x00, 0x00, 0x00, 0x00, 0x00, 0x00, 0x00, 0x00, 0x00, 0x00,
    0x00, 0x00, 0x00, 0x00, 0x00, 0x00, 0x00, 0x00, 0x00, 0x00, 0x00, 0x00, 0x00, 0x00, 0x00, 0x00, 0x00, 0x00,
    0x00, 0x00, 0x00, 0x00, 0x00, 0x00, 0x00, 0x00, 0x00, 0x00, 0x00, 0x00, 0x00, 0x00, 0x00, 0x00, 0x00, 0x00,
    0x00, 0x00, 0x00, 0x00, 0x00, 0x00, 0x00, 0x00, 0x00, 0x00, 0x00, 0x00, 0x00, 0x00, 0x00, 0x00, 0x00, 0x00,
    0x00, 0x00, 0x00, 0x00, 0x00, 0x00, 0x00, 0x00, 0x00, 0x00, 0x00, 0x00, 0x00, 0x00, 0x00, 0x00, 0x00, 0x00,
    0x00, 0x00, 0x00, 0x00, 0x00, 0x00, 0x00, 0x00, 0x00, 0x00, 0x00, 0x00, 0x00, 0x00, 0x00, 0x00, 0x00, 0x00,
    0x00, 0x00, 0x00, 0x00, 0x00, 0x00, 0x00, 0x00, 0x00, 0x00, 0x00, 0x00, 0x00, 0x00, 0x00, 0x00, 0x00, 0x00,
    0x00, 0x00, 0x00, 0x00, 0x00, 0x00, 0x00, 0x00, 0x00, 0x00, 0x00, 0x00, 0x00, 0x00, 0x00, 0x00, 0x00, 0x00,
};
const lv_img_dsc_t codekeeb_logo_18 = {
    .header.cf = LV_IMG_CF_INDEXED_1BIT,
    .header.always_zero = 0,
    .header.reserved = 0,
    .header.w = 69,
    .header.h = 68,
    .data_size = 620,
    .data = codekeeb_logo_18_map,
};

static const LV_ATTRIBUTE_MEM_ALIGN uint8_t codekeeb_logo_19_map[] = {
#if CONFIG_NICE_OLED_WIDGET_INVERTED
    0x00, 0x00, 0x00, 0xff, 0xff, 0xff, 0xff, 0xff,
#else
    0xff, 0xff, 0xff, 0xff, 0x00, 0x00, 0x00, 0xff,
#endif
    0x00, 0x00, 0x00, 0x00, 0x00, 0x00, 0x00, 0x00, 0x00, 0x00, 0x00, 0x00, 0x00, 0x00, 0x00, 0x00, 0x00, 0x00,
    0x00, 0x00, 0x00, 0x00, 0x00, 0x00, 0x00, 0x00, 0x00, 0x00, 0x00, 0x00, 0x00, 0x00, 0x00, 0x00, 0x00, 0x00,
    0x00, 0x00, 0x00, 0x00, 0x00, 0x00, 0x00, 0x00, 0x00, 0x00, 0x00, 0x00, 0x00, 0x00, 0x00, 0x00, 0x00, 0x00,
    0x00, 0x00, 0x00, 0x00, 0x00, 0x00, 0x00, 0x00, 0x00, 0x00, 0x00, 0x00, 0x00, 0x00, 0x00, 0x00, 0x00, 0x00,
    0x00, 0x00, 0x00, 0x00, 0x00, 0x00, 0x00, 0x00, 0x00, 0x00, 0x00, 0x00, 0x00, 0x00, 0x00, 0x00, 0x00, 0x00,
    0x00, 0x00, 0x00, 0x00, 0x00, 0x00, 0x00, 0x00, 0x00, 0x00, 0x00, 0x00, 0x00, 0x00, 0x00, 0x00, 0x00, 0x00,
    0x00, 0x00, 0x00, 0x00, 0x00, 0x00, 0x00, 0x00, 0x00, 0x00, 0x00, 0x00, 0x00, 0x00, 0x00, 0x00, 0x00, 0x00,
    0x00, 0x00, 0x00, 0x00, 0x00, 0x00, 0x00, 0x00, 0x00, 0x00, 0x00, 0x00, 0x00, 0x00, 0x00, 0x00, 0x00, 0x00,
    0x00, 0x00, 0x00, 0x00, 0x00, 0x00, 0x00, 0x00, 0x00, 0x00, 0x00, 0x00, 0x00, 0x00, 0x00, 0x00, 0x00, 0x00,
    0x00, 0x00, 0x00, 0x00, 0x00, 0x00, 0x00, 0x00, 0x00, 0x00, 0x00, 0x00, 0x00, 0x00, 0x00, 0x00, 0x00, 0x00,
    0x00, 0x1e, 0x00, 0x00, 0x00, 0x00, 0x00, 0x00, 0x00, 0x00, 0x77, 0x80, 0x1f, 0xc3, 0xf9, 0xfc, 0x3f, 0xe0,
    0x00, 0x7f, 0x80, 0x3f, 0xc7, 0xf9, 0xfe, 0x3f, 0xe0, 0x00, 0xd7, 0xc0, 0x7f, 0xcf, 0xf9, 0xff, 0x3f, 0xe0,
    0x01, 0xaf, 0x80, 0x70, 0x0e, 0x39, 0xc7, 0x38, 0x00, 0x01, 0x5d, 0x80, 0xe0, 0x1c, 0x73, 0x8e, 0x70, 0x00,
    0x01, 0xaf, 0x80, 0xe0, 0x1c, 0x73, 0x8e, 0x7f, 0x00, 0x01, 0x5d, 0x80, 0xe0, 0x1c, 0x73, 0x8e, 0x7f, 0x00,
    0x02, 0xbf, 0x00, 0xe0, 0x1c, 0x73, 0x8e, 0x70, 0x00, 0x03, 0x55, 0x01, 0xc0, 0x38, 0xe7, 0x1c, 0xe0, 0x00,
    0x02, 0xbf, 0x01, 0xff, 0x3f, 0xe7, 0xfc, 0xff, 0x80, 0x03, 0x55, 0x00, 0xff, 0x3f, 0xc7, 0xf8, 0xff, 0x80,
    0x06, 0xbe, 0x00, 0x7f, 0x3f, 0x87, 0xf0, 0xff, 0x80, 0x05, 0x76, 0x00, 0x00, 0x00, 0x00, 0x00, 0x00, 0x00,
    0x06, 0xbe, 0x00, 0x00, 0x00, 0x00, 0x00, 0x00, 0x00, 0x05, 0x76, 0x01, 0xc7, 0x3f, 0xe7, 0xfc, 0xff, 0x00,
    0x0a, 0xfc, 0x01, 0xce, 0x3f, 0xe7, 0xfc, 0xff, 0x80, 0x0d, 0x54, 0x01, 0xdc, 0x3f, 0xe7, 0xfc, 0xe3, 0x80,
    0x0a, 0xfc, 0x01, 0xf8, 0x38, 0x07, 0x00, 0xe3, 0x80, 0x0d, 0x54, 0x03, 0xe0, 0x70, 0x0e, 0x01, 0xce, 0x00,
    0x1a, 0xf8, 0x03, 0xc0, 0x7f, 0x0f, 0xe1, 0xfc, 0x00, 0x15, 0xd8, 0x03, 0xe0, 0x7f, 0x0f, 0xe1, 0xfe, 0x00,
    0x1a, 0xf8, 0x03, 0xf0, 0x70, 0x0e, 0x01, 0xc7, 0x00, 0x15, 0xd8, 0x07, 0x70, 0xe0, 0x1c, 0x03, 0x8e, 0x00,
    0x3b, 0xb0, 0x07, 0x38, 0xff, 0x9f, 0xf3, 0xfe, 0x00, 0x11, 0x20, 0x07, 0x1c, 0xff, 0x9f, 0xf3, 0xfe, 0x00,
    0x1d, 0xe0, 0x07, 0x1c, 0xff, 0x9f, 0xf3, 0xfc, 0x00, 0x07, 0x80, 0x00, 0x00, 0x00, 0x00, 0x00, 0x00, 0x00,
    0x00, 0x00, 0x00, 0x00, 0x00, 0x00, 0x00, 0x00, 0x00, 0x00, 0x00, 0x00, 0x00, 0x00, 0x00, 0x00, 0x00, 0x00,
    0x00, 0x00, 0x00, 0x00, 0x00, 0x00, 0x00, 0x00, 0x00, 0x00, 0x00, 0x00, 0x00, 0x00, 0x00, 0x00, 0x00, 0x00,
    0x00, 0x00, 0x00, 0x00, 0x00, 0x00, 0x00, 0x00, 0x00, 0x00, 0x00, 0x00, 0x00, 0x00, 0x00, 0x00, 0x00, 0x00,
    0x00, 0x00, 0x00, 0x00, 0x00, 0x00, 0x00, 0x00, 0x00, 0x00, 0x00, 0x00, 0x00, 0x00, 0x00, 0x00, 0x00, 0x00,
    0x00, 0x00, 0x00, 0x00, 0x00, 0x00, 0x00, 0x00, 0x00, 0x00, 0x00, 0x00, 0x00, 0x00, 0x00, 0x00, 0x00, 0x00,
    0x00, 0x00, 0x00, 0x00, 0x00, 0x00, 0x00, 0x00, 0x00, 0x00, 0x00, 0x00, 0x00, 0x00, 0x00, 0x00, 0x00, 0x00,
    0x00, 0x00, 0x00, 0x00, 0x00, 0x00, 0x00, 0x00, 0x00, 0x00, 0x00, 0x00, 0x00, 0x00, 0x00, 0x00, 0x00, 0x00,
    0x00, 0x00, 0x00, 0x00, 0x00, 0x00, 0x00, 0x00, 0x00, 0x00, 0x00, 0x00, 0x00, 0x00, 0x00, 0x00, 0x00, 0x00,
    0x00, 0x00, 0x00, 0x00, 0x00, 0x00, 0x00, 0x00, 0x00, 0x00, 0x00, 0x00, 0x00, 0x00, 0x00, 0x00, 0x00, 0x00,
    0x00, 0x00, 0x00, 0x00, 0x00, 0x00, 0x00, 0x00, 0x00, 0x00, 0x00, 0x00, 0x00, 0x00, 0x00, 0x00, 0x00, 0x00,
};
const lv_img_dsc_t codekeeb_logo_19 = {
    .header.cf = LV_IMG_CF_INDEXED_1BIT,
    .header.always_zero = 0,
    .header.reserved = 0,
    .header.w = 69,
    .header.h = 68,
    .data_size = 620,
    .data = codekeeb_logo_19_map,
};

static const LV_ATTRIBUTE_MEM_ALIGN uint8_t codekeeb_logo_20_map[] = {
#if CONFIG_NICE_OLED_WIDGET_INVERTED
    0x00, 0x00, 0x00, 0xff, 0xff, 0xff, 0xff, 0xff,
#else
    0xff, 0xff, 0xff, 0xff, 0x00, 0x00, 0x00, 0xff,
#endif
    0x00, 0x00, 0x00, 0x00, 0x00, 0x00, 0x00, 0x00, 0x00, 0x00, 0x00, 0x00, 0x00, 0x00, 0x00, 0x00, 0x00, 0x00,
    0x00, 0x00, 0x00, 0x00, 0x00, 0x00, 0x00, 0x00, 0x00, 0x00, 0x00, 0x00, 0x00, 0x00, 0x00, 0x00, 0x00, 0x00,
    0x00, 0x00, 0x00, 0x00, 0x00, 0x00, 0x00, 0x00, 0x00, 0x00, 0x00, 0x00, 0x00, 0x00, 0x00, 0x00, 0x00, 0x00,
    0x00, 0x00, 0x00, 0x00, 0x00, 0x00, 0x00, 0x00, 0x00, 0x00, 0x00, 0x00, 0x00, 0x00, 0x00, 0x00, 0x00, 0x00,
    0x00, 0x00, 0x00, 0x00, 0x00, 0x00, 0x00, 0x00, 0x00, 0x00, 0x00, 0x00, 0x00, 0x00, 0x00, 0x00, 0x00, 0x00,
    0x00, 0x00, 0x00, 0x00, 0x00, 0x00, 0x00, 0x00, 0x00, 0x00, 0x00, 0x00, 0x00, 0x00, 0x00, 0x00, 0x00, 0x00,
    0x00, 0x00, 0x00, 0x00, 0x00, 0x00, 0x00, 0x00, 0x00, 0x00, 0x00, 0x00, 0x00, 0x00, 0x00, 0x00, 0x00, 0x00,
    0x00, 0x00, 0x00, 0x00, 0x00, 0x00, 0x00, 0x00, 0x00, 0x00, 0x00, 0x00, 0x00, 0x00, 0x00, 0x00, 0x00, 0x00,
    0x00, 0x00, 0x00, 0x00, 0x00, 0x00, 0x00, 0x00, 0x00, 0x00, 0x00, 0x00, 0x00, 0x00, 0x00, 0x00, 0x00, 0x00,
    0x00, 0x00, 0x00, 0x00, 0x00, 0x00, 0x00, 0x00, 0x00, 0x00, 0x00, 0x00, 0x00, 0x00, 0x00, 0x00, 0x00, 0x00,
    0x00, 0x1e, 0x00, 0x00, 0x00, 0x00, 0x00, 0x00, 0x00, 0x00, 0x77, 0x80, 0x1f, 0xc3, 0xf9, 0xfc, 0x3f, 0xe0,
    0x00, 0x7f, 0x80, 0x3f, 0xc7, 0xf9, 0xfe, 0x3f, 0xe0, 0x00, 0xd7, 0xc0, 0x7f, 0xcf, 0xf9, 0xff, 0x3f, 0xe0,
    0x01, 0xaf, 0x80, 0x70, 0x0e, 0x39, 0xc7, 0x38, 0x00, 0x01, 0x5d, 0x80, 0xe0, 0x1c, 0x73, 0x8e, 0x70, 0x00,
    0x01, 0xaf, 0x80, 0xe0, 0x1c, 0x73, 0x8e, 0x7f, 0x00, 0x01, 0x5d, 0x80, 0xe0, 0x1c, 0x73, 0x8e, 0x7f, 0x00,
    0x02, 0xbf, 0x00, 0xe0, 0x1c, 0x73, 0x8e, 0x70, 0x00, 0x03, 0x55, 0x01, 0xc0, 0x38, 0xe7, 0x1c, 0xe0, 0x00,
    0x02, 0xbf, 0x01, 0xff, 0x3f, 0xe7, 0xfc, 0xff, 0x80, 0x03, 0x55, 0x00, 0xff, 0x3f, 0xc7, 0xf8, 0xff, 0x80,
    0x06, 0xbe, 0x00, 0x7f, 0x3f, 0x87, 0xf0, 0xff, 0x80, 0x05, 0x76, 0x00, 0x00, 0x00, 0x00, 0x00, 0x00, 0x00,
    0x06, 0xbe, 0x00, 0x00, 0x00, 0x00, 0x00, 0x00, 0x00, 0x05, 0x76, 0x01, 0xc7, 0x3f, 0xe7, 0xfc, 0xff, 0x00,
    0x0a, 0xfc, 0x01, 0xce, 0x3f, 0xe7, 0xfc, 0xff, 0x80, 0x0d, 0x54, 0x01, 0xdc, 0x3f, 0xe7, 0xfc, 0xe3, 0x80,
    0x0a, 0xfc, 0x01, 0xf8, 0x38, 0x07, 0x00, 0xe3, 0x80, 0x0d, 0x54, 0x03, 0xe0, 0x70, 0x0e, 0x01, 0xce, 0x00,
    0x1a, 0xf8, 0x03, 0xc0, 0x7f, 0x0f, 0xe1, 0xfc, 0x00, 0x15, 0xd8, 0x03, 0xe0, 0x7f, 0x0f, 0xe1, 0xfe, 0x00,
    0x1a, 0xf8, 0x03, 0xf0, 0x70, 0x0e, 0x01, 0xc7, 0x00, 0x15, 0xd8, 0x07, 0x70, 0xe0, 0x1c, 0x03, 0x8e, 0x00,
    0x3b, 0xb0, 0x07, 0x38, 0xff, 0x9f, 0xf3, 0xfe, 0x00, 0x11, 0x20, 0x07, 0x1c, 0xff, 0x9f, 0xf3, 0xfe, 0x00,
    0x1d, 0xe0, 0x07, 0x1c, 0xff, 0x9f, 0xf3, 0xfc, 0x00, 0x07, 0x80, 0x00, 0x00, 0x00, 0x00, 0x00, 0x00, 0x00,
    0x00, 0x00, 0x00, 0x00, 0x00, 0x00, 0x00, 0x00, 0x00, 0x00, 0x00, 0x00, 0x00, 0x00, 0x00, 0x00, 0x00, 0x00,
    0x00, 0x00, 0x00, 0x00, 0x00, 0x00, 0x00, 0x00, 0x00, 0x00, 0x00, 0x00, 0x00, 0x00, 0x00, 0x00, 0x00, 0x00,
    0x00, 0x00, 0x00, 0x00, 0x00, 0x00, 0x00, 0x00, 0x00, 0x00, 0x00, 0x00, 0x00, 0x00, 0x00, 0x00, 0x00, 0x00,
    0x00, 0x00, 0x00, 0x00, 0x00, 0x00, 0x00, 0x00, 0x00, 0x00, 0x00, 0x00, 0x00, 0x00, 0x00, 0x00, 0x00, 0x00,
    0x00, 0x00, 0x00, 0x00, 0x00, 0x00, 0x00, 0x00, 0x00, 0x00, 0x00, 0x00, 0x00, 0x00, 0x00, 0x00, 0x00, 0x00,
    0x00, 0x00, 0x00, 0x00, 0x00, 0x00, 0x00, 0x00, 0x00, 0x00, 0x00, 0x00, 0x00, 0x00, 0x00, 0x00, 0x00, 0x00,
    0x00, 0x00, 0x00, 0x00, 0x00, 0x00, 0x00, 0x00, 0x00, 0x00, 0x00, 0x00, 0x00, 0x00, 0x00, 0x00, 0x00, 0x00,
    0x00, 0x00, 0x00, 0x00, 0x00, 0x00, 0x00, 0x00, 0x00, 0x00, 0x00, 0x00, 0x00, 0x00, 0x00, 0x00, 0x00, 0x00,
    0x00, 0x00, 0x00, 0x00, 0x00, 0x00, 0x00, 0x00, 0x00, 0x00, 0x00, 0x00, 0x00, 0x00, 0x00, 0x00, 0x00, 0x00,
    0x00, 0x00, 0x00, 0x00, 0x00, 0x00, 0x00, 0x00, 0x00, 0x00, 0x00, 0x00, 0x00, 0x00, 0x00, 0x00, 0x00, 0x00,
};
const lv_img_dsc_t codekeeb_logo_20 = {
    .header.cf = LV_IMG_CF_INDEXED_1BIT,
    .header.always_zero = 0,
    .header.reserved = 0,
    .header.w = 69,
    .header.h = 68,
    .data_size = 620,
    .data = codekeeb_logo_20_map,
};

static const LV_ATTRIBUTE_MEM_ALIGN uint8_t codekeeb_logo_21_map[] = {
#if CONFIG_NICE_OLED_WIDGET_INVERTED
    0x00, 0x00, 0x00, 0xff, 0xff, 0xff, 0xff, 0xff,
#else
    0xff, 0xff, 0xff, 0xff, 0x00, 0x00, 0x00, 0xff,
#endif
    0x00, 0x00, 0x00, 0x00, 0x00, 0x00, 0x00, 0x00, 0x00, 0x00, 0x00, 0x00, 0x00, 0x00, 0x00, 0x00, 0x00, 0x00,
    0x00, 0x00, 0x00, 0x00, 0x00, 0x00, 0x00, 0x00, 0x00, 0x00, 0x00, 0x00, 0x00, 0x00, 0x00, 0x00, 0x00, 0x00,
    0x00, 0x00, 0x00, 0x00, 0x00, 0x00, 0x00, 0x00, 0x00, 0x00, 0x00, 0x00, 0x00, 0x00, 0x00, 0x00, 0x00, 0x00,
    0x00, 0x00, 0x00, 0x00, 0x00, 0x00, 0x00, 0x00, 0x00, 0x00, 0x00, 0x00, 0x00, 0x00, 0x00, 0x00, 0x00, 0x00,
    0x00, 0x00, 0x00, 0x00, 0x00, 0x00, 0x00, 0x00, 0x00, 0x00, 0x00, 0x00, 0x00, 0x00, 0x00, 0x00, 0x00, 0x00,
    0x00, 0x00, 0x00, 0x00, 0x00, 0x00, 0x00, 0x00, 0x00, 0x00, 0x00, 0x00, 0x00, 0x00, 0x00, 0x00, 0x00, 0x00,
    0x00, 0x00, 0x00, 0x00, 0x00, 0x00, 0x00, 0x00, 0x00, 0x00, 0x00, 0x00, 0x00, 0x00, 0x00, 0x00, 0x00, 0x00,
    0x00, 0x00, 0x00, 0x00, 0x00, 0x00, 0x00, 0x00, 0x00, 0x00, 0x00, 0x00, 0x00, 0x00, 0x00, 0x00, 0x00, 0x00,
    0x00, 0x00, 0x00, 0x00, 0x00, 0x00, 0x00, 0x00, 0x00, 0x00, 0x00, 0x00, 0x00, 0x00, 0x00, 0x00, 0x00, 0x00,
    0x00, 0x00, 0x00, 0x00, 0x00, 0x00, 0x00, 0x00, 0x00, 0x00, 0x00, 0x00, 0x00, 0x00, 0x00, 0x00, 0x00, 0x00,
    0x00, 0x1e, 0x00, 0x00, 0x00, 0x00, 0x00, 0x00, 0x00, 0x00, 0x77, 0x80, 0x1f, 0xc3, 0xf9, 0xfc, 0x3f, 0xe0,
    0x00, 0x7f, 0x80, 0x3f, 0xc7, 0xf9, 0xfe, 0x3f, 0xe0, 0x00, 0xd7, 0xc0, 0x7f, 0xcf, 0xf9, 0xff, 0x3f, 0xe0,
    0x01, 0xaf, 0x80, 0x70, 0x0e, 0x39, 0xc7, 0x38, 0x00, 0x01, 0x5d, 0x80, 0xe0, 0x1c, 0x73, 0x8e, 0x70, 0x00,
    0x01, 0xaf, 0x80, 0xe0, 0x1c, 0x73, 0x8e, 0x7f, 0x00, 0x01, 0x5d, 0x80, 0xe0, 0x1c, 0x73, 0x8e, 0x7f, 0x00,
    0x02, 0xbf, 0x00, 0xe0, 0x1c, 0x73, 0x8e, 0x70, 0x00, 0x03, 0x55, 0x01, 0xc0, 0x38, 0xe7, 0x1c, 0xe0, 0x00,
    0x02, 0xbf, 0x01, 0xff, 0x3f, 0xe7, 0xfc, 0xff, 0x80, 0x03, 0x55, 0x00, 0xff, 0x3f, 0xc7, 0xf8, 0xff, 0x80,
    0x06, 0xbe, 0x00, 0x7f, 0x3f, 0x87, 0xf0, 0xff, 0x80, 0x05, 0x76, 0x00, 0x00, 0x00, 0x00, 0x00, 0x00, 0x00,
    0x06, 0xbe, 0x00, 0x00, 0x00, 0x00, 0x00, 0x00, 0x00, 0x05, 0x76, 0x01, 0xc7, 0x3f, 0xe7, 0xfc, 0xff, 0x00,
    0x0a, 0xfc, 0x01, 0xce, 0x3f, 0xe7, 0xfc, 0xff, 0x80, 0x0d, 0x54, 0x01, 0xdc, 0x3f, 0xe7, 0xfc, 0xe3, 0x80,
    0x0a, 0xfc, 0x01, 0xf8, 0x38, 0x07, 0x00, 0xe3, 0x80, 0x0d, 0x54, 0x03, 0xe0, 0x70, 0x0e, 0x01, 0xce, 0x00,
    0x1a, 0xf8, 0x03, 0xc0, 0x7f, 0x0f, 0xe1, 0xfc, 0x00, 0x15, 0xd8, 0x03, 0xe0, 0x7f, 0x0f, 0xe1, 0xfe, 0x00,
    0x1a, 0xf8, 0x03, 0xf0, 0x70, 0x0e, 0x01, 0xc7, 0x00, 0x15, 0xd8, 0x07, 0x70, 0xe0, 0x1c, 0x03, 0x8e, 0x00,
    0x3b, 0xb0, 0x07, 0x38, 0xff, 0x9f, 0xf3, 0xfe, 0x00, 0x11, 0x20, 0x07, 0x1c, 0xff, 0x9f, 0xf3, 0xfe, 0x00,
    0x1d, 0xe0, 0x07, 0x1c, 0xff, 0x9f, 0xf3, 0xfc, 0x00, 0x07, 0x80, 0x00, 0x00, 0x00, 0x00, 0x00, 0x00, 0x00,
    0x00, 0x00, 0x00, 0x00, 0x00, 0x00, 0x00, 0x00, 0x00, 0x00, 0x00, 0x00, 0x00, 0x00, 0x00, 0x00, 0x00, 0x00,
    0x00, 0x00, 0x00, 0x00, 0x00, 0x00, 0x00, 0x00, 0x00, 0x00, 0x00, 0x00, 0x00, 0x00, 0x00, 0x00, 0x00, 0x00,
    0x00, 0x00, 0x00, 0x00, 0x00, 0x00, 0x00, 0x00, 0x00, 0x00, 0x00, 0x00, 0x00, 0x00, 0x00, 0x00, 0x00, 0x00,
    0x00, 0x00, 0x00, 0x00, 0x00, 0x00, 0x00, 0x00, 0x00, 0x00, 0x00, 0x00, 0x00, 0x00, 0x00, 0x00, 0x00, 0x00,
    0x00, 0x00, 0x00, 0x00, 0x00, 0x00, 0x00, 0x00, 0x00, 0x00, 0x00, 0x00, 0x00, 0x00, 0x00, 0x00, 0x00, 0x00,
    0x00, 0x00, 0x00, 0x00, 0x00, 0x00, 0x00, 0x00, 0x00, 0x00, 0x00, 0x00, 0x00, 0x00, 0x00, 0x00, 0x00, 0x00,
    0x00, 0x00, 0x00, 0x00, 0x00, 0x00, 0x00, 0x00, 0x00, 0x00, 0x00, 0x00, 0x00, 0x00, 0x00, 0x00, 0x00, 0x00,
    0x00, 0x00, 0x00, 0x00, 0x00, 0x00, 0x00, 0x00, 0x00, 0x00, 0x00, 0x00, 0x00, 0x00, 0x00, 0x00, 0x00, 0x00,
    0x00, 0x00, 0x00, 0x00, 0x00, 0x00, 0x00, 0x00, 0x00, 0x00, 0x00, 0x00, 0x00, 0x00, 0x00, 0x00, 0x00, 0x00,
    0x00, 0x00, 0x00, 0x00, 0x00, 0x00, 0x00, 0x00, 0x00, 0x00, 0x00, 0x00, 0x00, 0x00, 0x00, 0x00, 0x00, 0x00,
};
const lv_img_dsc_t codekeeb_logo_21 = {
    .header.cf = LV_IMG_CF_INDEXED_1BIT,
    .header.always_zero = 0,
    .header.reserved = 0,
    .header.w = 69,
    .header.h = 68,
    .data_size = 620,
    .data = codekeeb_logo_21_map,
};

static const LV_ATTRIBUTE_MEM_ALIGN uint8_t codekeeb_logo_22_map[] = {
#if CONFIG_NICE_OLED_WIDGET_INVERTED
    0x00, 0x00, 0x00, 0xff, 0xff, 0xff, 0xff, 0xff,
#else
    0xff, 0xff, 0xff, 0xff, 0x00, 0x00, 0x00, 0xff,
#endif
    0x00, 0x00, 0x00, 0x00, 0x00, 0x00, 0x00, 0x00, 0x00, 0x00, 0x00, 0x00, 0x00, 0x00, 0x00, 0x00, 0x00, 0x00,
    0x00, 0x00, 0x00, 0x00, 0x00, 0x00, 0x00, 0x00, 0x00, 0x00, 0x00, 0x00, 0x00, 0x00, 0x00, 0x00, 0x00, 0x00,
    0x00, 0x00, 0x00, 0x00, 0x00, 0x00, 0x00, 0x00, 0x00, 0x00, 0x00, 0x00, 0x00, 0x00, 0x00, 0x00, 0x00, 0x00,
    0x00, 0x00, 0x00, 0x00, 0x00, 0x00, 0x00, 0x00, 0x00, 0x00, 0x00, 0x00, 0x00, 0x00, 0x00, 0x00, 0x00, 0x00,
    0x00, 0x00, 0x00, 0x00, 0x00, 0x00, 0x00, 0x00, 0x00, 0x00, 0x00, 0x00, 0x00, 0x00, 0x00, 0x00, 0x00, 0x00,
    0x00, 0x00, 0x00, 0x00, 0x00, 0x00, 0x00, 0x00, 0x00, 0x00, 0x00, 0x00, 0x00, 0x00, 0x00, 0x00, 0x00, 0x00,
    0x00, 0x00, 0x00, 0x00, 0x00, 0x00, 0x00, 0x00, 0x00, 0x00, 0x00, 0x00, 0x00, 0x00, 0x00, 0x00, 0x00, 0x00,
    0x00, 0x00, 0x00, 0x00, 0x00, 0x00, 0x00, 0x00, 0x00, 0x00, 0x00, 0x00, 0x00, 0x00, 0x00, 0x00, 0x00, 0x00,
    0x00, 0x00, 0x00, 0x00, 0x00, 0x00, 0x00, 0x00, 0x00, 0x00, 0x00, 0x00, 0x00, 0x00, 0x00, 0x00, 0x00, 0x00,
    0x00, 0x00, 0x00, 0x00, 0x00, 0x00, 0x00, 0x00, 0x00, 0x00, 0x00, 0x00, 0x00, 0x00, 0x00, 0x00, 0x00, 0x00,
    0x00, 0x1e, 0x00, 0x00, 0x00, 0x00, 0x00, 0x00, 0x00, 0x00, 0x7f, 0x80, 0x1f, 0xc3, 0xf9, 0xfc, 0x3f, 0xe0,
    0x00, 0x6f, 0x80, 0x3f, 0xc7, 0xf9, 0xfe, 0x3f, 0xe0, 0x00, 0xdf, 0xc0, 0x7f, 0xcf, 0xf9, 0xff, 0x3f, 0xe0,
    0x01, 0xbf, 0x80, 0x70, 0x0e, 0x39, 0xc7, 0x38, 0x00, 0x01, 0x55, 0x80, 0xe0, 0x1c, 0x73, 0x8e, 0x70, 0x00,
    0x01, 0xbf, 0x80, 0xe0, 0x1c, 0x73, 0x8e, 0x7f, 0x00, 0x01, 0x55, 0x80, 0xe0, 0x1c, 0x73, 0x8e, 0x7f, 0x00,
    0x02, 0xbf, 0x00, 0xe0, 0x1c, 0x73, 0x8e, 0x70, 0x00, 0x03, 0x75, 0x01, 0xc0, 0x38, 0xe7, 0x1c, 0xe0, 0x00,
    0x02, 0xbf, 0x01, 0xff, 0x3f, 0xe7, 0xfc, 0xff, 0x80, 0x03, 0x75, 0x00, 0xff, 0x3f, 0xc7, 0xf8, 0xff, 0x80,
    0x06, 0xfe, 0x00, 0x7f, 0x3f, 0x87, 0xf0, 0xff, 0x80, 0x05, 0x56, 0x00, 0x00, 0x00, 0x00, 0x00, 0x00, 0x00,
    0x06, 0xfe, 0x00, 0x00, 0x00, 0x00, 0x00, 0x00, 0x00, 0x05, 0x56, 0x01, 0xc7, 0x3f, 0xe7, 0xfc, 0xff, 0x00,
    0x0a, 0xfc, 0x01, 0xce, 0x3f, 0xe7, 0xfc, 0xff, 0x80, 0x0d, 0xd4, 0x01, 0xdc, 0x3f, 0xe7, 0xfc, 0xe3, 0x80,
    0x0a, 0xfc, 0x01, 0xf8, 0x38, 0x07, 0x00, 0xe3, 0x80, 0x0d, 0xd4, 0x03, 0xe0, 0x70, 0x0e, 0x01, 0xce, 0x00,
    0x1b, 0xf8, 0x03, 0xc0, 0x7f, 0x0f, 0xe1, 0xfc, 0x00, 0x15, 0x58, 0x03, 0xe0, 0x7f, 0x0f, 0xe1, 0xfe, 0x00,
    0x1b, 0xf8, 0x03, 0xf0, 0x70, 0x0e, 0x01, 0xc7, 0x00, 0x11, 0x58, 0x07, 0x70, 0xe0, 0x1c, 0x03, 0x8e, 0x00,
    0x3a, 0xb0, 0x07, 0x38, 0xff, 0x9f, 0xf3, 0xfe, 0x00, 0x12, 0x20, 0x07, 0x1c, 0xff, 0x9f, 0xf3, 0xfe, 0x00,
    0x1e, 0xe0, 0x07, 0x1c, 0xff, 0x9f, 0xf3, 0xfc, 0x00, 0x07, 0x80, 0x00, 0x00, 0x00, 0x00, 0x00, 0x00, 0x00,
    0x00, 0x00, 0x00, 0x00, 0x00, 0x00, 0x00, 0x00, 0x00, 0x00, 0x00, 0x00, 0x00, 0x00, 0x00, 0x00, 0x00, 0x00,
    0x00, 0x00, 0x00, 0x00, 0x00, 0x00, 0x00, 0x00, 0x00, 0x00, 0x00, 0x00, 0x00, 0x00, 0x00, 0x00, 0x00, 0x00,
    0x00, 0x00, 0x00, 0x00, 0x00, 0x00, 0x00, 0x00, 0x00, 0x00, 0x00, 0x00, 0x00, 0x00, 0x00, 0x00, 0x00, 0x00,
    0x00, 0x00, 0x00, 0x00, 0x00, 0x00, 0x00, 0x00, 0x00, 0x00, 0x00, 0x00, 0x00, 0x00, 0x00, 0x00, 0x00, 0x00,
    0x00, 0x00, 0x00, 0x00, 0x00, 0x00, 0x00, 0x00, 0x00, 0x00, 0x00, 0x00, 0x00, 0x00, 0x00, 0x00, 0x00, 0x00,
    0x00, 0x00, 0x00, 0x00, 0x00, 0x00, 0x00, 0x00, 0x00, 0x00, 0x00, 0x00, 0x00, 0x00, 0x00, 0x00, 0x00, 0x00,
    0x00, 0x00, 0x00, 0x00, 0x00, 0x00, 0x00, 0x00, 0x00, 0x00, 0x00, 0x00, 0x00, 0x00, 0x00, 0x00, 0x00, 0x00,
    0x00, 0x00, 0x00, 0x00, 0x00, 0x00, 0x00, 0x00, 0x00, 0x00, 0x00, 0x00, 0x00, 0x00, 0x00, 0x00, 0x00, 0x00,
    0x00, 0x00, 0x00, 0x00, 0x00, 0x00, 0x00, 0x00, 0x00, 0x00, 0x00, 0x00, 0x00, 0x00, 0x00, 0x00, 0x00, 0x00,
    0x00, 0x00, 0x00, 0x00, 0x00, 0x00, 0x00, 0x00, 0x00, 0x00, 0x00, 0x00, 0x00, 0x00, 0x00, 0x00, 0x00, 0x00,
};
const lv_img_dsc_t codekeeb_logo_22 = {
    .header.cf = LV_IMG_CF_INDEXED_1BIT,
    .header.always_zero = 0,
    .header.reserved = 0,
    .header.w = 69,
    .header.h = 68,
    .data_size = 620,
    .data = codekeeb_logo_22_map,
};

static const LV_ATTRIBUTE_MEM_ALIGN uint8_t codekeeb_logo_23_map[] = {
#if CONFIG_NICE_OLED_WIDGET_INVERTED
    0x00, 0x00, 0x00, 0xff, 0xff, 0xff, 0xff, 0xff,
#else
    0xff, 0xff, 0xff, 0xff, 0x00, 0x00, 0x00, 0xff,
#endif
    0x00, 0x00, 0x00, 0x00, 0x00, 0x00, 0x00, 0x00, 0x00, 0x00, 0x00, 0x00, 0x00, 0x00, 0x00, 0x00, 0x00, 0x00,
    0x00, 0x00, 0x00, 0x00, 0x00, 0x00, 0x00, 0x00, 0x00, 0x00, 0x00, 0x00, 0x00, 0x00, 0x00, 0x00, 0x00, 0x00,
    0x00, 0x00, 0x00, 0x00, 0x00, 0x00, 0x00, 0x00, 0x00, 0x00, 0x00, 0x00, 0x00, 0x00, 0x00, 0x00, 0x00, 0x00,
    0x00, 0x00, 0x00, 0x00, 0x00, 0x00, 0x00, 0x00, 0x00, 0x00, 0x00, 0x00, 0x00, 0x00, 0x00, 0x00, 0x00, 0x00,
    0x00, 0x00, 0x00, 0x00, 0x00, 0x00, 0x00, 0x00, 0x00, 0x00, 0x00, 0x00, 0x00, 0x00, 0x00, 0x00, 0x00, 0x00,
    0x00, 0x00, 0x00, 0x00, 0x00, 0x00, 0x00, 0x00, 0x00, 0x00, 0x00, 0x00, 0x00, 0x00, 0x00, 0x00, 0x00, 0x00,
    0x00, 0x00, 0x00, 0x00, 0x00, 0x00, 0x00, 0x00, 0x00, 0x00, 0x00, 0x00, 0x00, 0x00, 0x00, 0x00, 0x00, 0x00,
    0x00, 0x00, 0x00, 0x00, 0x00, 0x00, 0x00, 0x00, 0x00, 0x00, 0x00, 0x00, 0x00, 0x00, 0x00, 0x00, 0x00, 0x00,
    0x00, 0x00, 0x00, 0x00, 0x00, 0x00, 0x00, 0x00, 0x00, 0x00, 0x00, 0x00, 0x00, 0x00, 0x00, 0x00, 0x00, 0x00,
    0x00, 0x00, 0x00, 0x00, 0x00, 0x00, 0x00, 0x00, 0x00, 0x00, 0x00, 0x00, 0x00, 0x00, 0x00, 0x00, 0x00, 0x00,
    0x00, 0x1e, 0x00, 0x00, 0x00, 0x00, 0x00, 0x00, 0x00, 0x00, 0x7f, 0x80, 0x1f, 0xc3, 0xf9, 0xfc, 0x3f, 0xe0,
    0x00, 0x6f, 0x80, 0x3f, 0xc7, 0xf9, 0xfe, 0x3f, 0xe0, 0x00, 0xdf, 0xc0, 0x7f, 0xcf, 0xf9, 0xff, 0x3f, 0xe0,
    0x01, 0xbf, 0x80, 0x70, 0x0e, 0x39, 0xc7, 0x38, 0x00, 0x01, 0x15, 0x80, 0xe0, 0x1c, 0x73, 0x8e, 0x70, 0x00,
    0x01, 0xbf, 0x80, 0xe0, 0x1c, 0x73, 0x8e, 0x7f, 0x00, 0x01, 0x15, 0x80, 0xe0, 0x1c, 0x73, 0x8e, 0x7f, 0x00,
    0x02, 0xbf, 0x00, 0xe0, 0x1c, 0x73, 0x8e, 0x70, 0x00, 0x02, 0x37, 0x01, 0xc0, 0x38, 0xe7, 0x1c, 0xe0, 0x00,
    0x02, 0xbf, 0x01, 0xff, 0x3f, 0xe7, 0xfc, 0xff, 0x80, 0x02, 0x37, 0x00, 0xff, 0x3f, 0xc7, 0xf8, 0xff, 0x80,
    0x06, 0xfe, 0x00, 0x7f, 0x3f, 0x87, 0xf0, 0xff, 0x80, 0x04, 0x56, 0x00, 0x00, 0x00, 0x00, 0x00, 0x00, 0x00,
    0x06, 0xfe, 0x00, 0x00, 0x00, 0x00, 0x00, 0x00, 0x00, 0x04, 0x56, 0x01, 0xc7, 0x3f, 0xe7, 0xfc, 0xff, 0x00,
    0x0a, 0xfc, 0x01, 0xce, 0x3f, 0xe7, 0xfc, 0xff, 0x80, 0x08, 0xdc, 0x01, 0xdc, 0x3f, 0xe7, 0xfc, 0xe3, 0x80,
    0x0a, 0xfc, 0x01, 0xf8, 0x38, 0x07, 0x00, 0xe3, 0x80, 0x08, 0xdc, 0x03, 0xe0, 0x70, 0x0e, 0x01, 0xce, 0x00,
    0x1b, 0xf8, 0x03, 0xc0, 0x7f, 0x0f, 0xe1, 0xfc, 0x00, 0x11, 0x58, 0x03, 0xe0, 0x7f, 0x0f, 0xe1, 0xfe, 0x00,
    0x1b, 0xf8, 0x03, 0xf0, 0x70, 0x0e, 0x01, 0xc7, 0x00, 0x11, 0x58, 0x07, 0x70, 0xe0, 0x1c, 0x03, 0x8e, 0x00,
    0x32, 0xb0, 0x07, 0x38, 0xff, 0x9f, 0xf3, 0xfe, 0x00, 0x12, 0x20, 0x07, 0x1c, 0xff, 0x9f, 0xf3, 0xfe, 0x00,
    0x1e, 0xe0, 0x07, 0x1c, 0xff, 0x9f, 0xf3, 0xfc, 0x00, 0x07, 0x80, 0x00, 0x00, 0x00, 0x00, 0x00, 0x00, 0x00,
    0x00, 0x00, 0x00, 0x00, 0x00, 0x00, 0x00, 0x00, 0x00, 0x00, 0x00, 0x00, 0x00, 0x00, 0x00, 0x00, 0x00, 0x00,
    0x00, 0x00, 0x00, 0x00, 0x00, 0x00, 0x00, 0x00, 0x00, 0x00, 0x00, 0x00, 0x00, 0x00, 0x00, 0x00, 0x00, 0x00,
    0x00, 0x00, 0x00, 0x00, 0x00, 0x00, 0x00, 0x00, 0x00, 0x00, 0x00, 0x00, 0x00, 0x00, 0x00, 0x00, 0x00, 0x00,
    0x00, 0x00, 0x00, 0x00, 0x00, 0x00, 0x00, 0x00, 0x00, 0x00, 0x00, 0x00, 0x00, 0x00, 0x00, 0x00, 0x00, 0x00,
    0x00, 0x00, 0x00, 0x00, 0x00, 0x00, 0x00, 0x00, 0x00, 0x00, 0x00, 0x00, 0x00, 0x00, 0x00, 0x00, 0x00, 0x00,
    0x00, 0x00, 0x00, 0x00, 0x00, 0x00, 0x00, 0x00, 0x00, 0x00, 0x00, 0x00, 0x00, 0x00, 0x00, 0x00, 0x00, 0x00,
    0x00, 0x00, 0x00, 0x00, 0x00, 0x00, 0x00, 0x00, 0x00, 0x00, 0x00, 0x00, 0x00, 0x00, 0x00, 0x00, 0x00, 0x00,
    0x00, 0x00, 0x00, 0x00, 0x00, 0x00, 0x00, 0x00, 0x00, 0x00, 0x00, 0x00, 0x00, 0x00, 0x00, 0x00, 0x00, 0x00,
    0x00, 0x00, 0x00, 0x00, 0x00, 0x00, 0x00, 0x00, 0x00, 0x00, 0x00, 0x00, 0x00, 0x00, 0x00, 0x00, 0x00, 0x00,
    0x00, 0x00, 0x00, 0x00, 0x00, 0x00, 0x00, 0x00, 0x00, 0x00, 0x00, 0x00, 0x00, 0x00, 0x00, 0x00, 0x00, 0x00,
};
const lv_img_dsc_t codekeeb_logo_23 = {
    .header.cf = LV_IMG_CF_INDEXED_1BIT,
    .header.always_zero = 0,
    .header.reserved = 0,
    .header.w = 69,
    .header.h = 68,
    .data_size = 620,
    .data = codekeeb_logo_23_map,
};

static const LV_ATTRIBUTE_MEM_ALIGN uint8_t codekeeb_logo_24_map[] = {
#if CONFIG_NICE_OLED_WIDGET_INVERTED
    0x00, 0x00, 0x00, 0xff, 0xff, 0xff, 0xff, 0xff,
#else
    0xff, 0xff, 0xff, 0xff, 0x00, 0x00, 0x00, 0xff,
#endif
    0x00, 0x00, 0x00, 0x00, 0x00, 0x00, 0x00, 0x00, 0x00, 0x00, 0x00, 0x00, 0x00, 0x00, 0x00, 0x00, 0x00, 0x00,
    0x00, 0x00, 0x00, 0x00, 0x00, 0x00, 0x00, 0x00, 0x00, 0x00, 0x00, 0x00, 0x00, 0x00, 0x00, 0x00, 0x00, 0x00,
    0x00, 0x00, 0x00, 0x00, 0x00, 0x00, 0x00, 0x00, 0x00, 0x00, 0x00, 0x00, 0x00, 0x00, 0x00, 0x00, 0x00, 0x00,
    0x00, 0x00, 0x00, 0x00, 0x00, 0x00, 0x00, 0x00, 0x00, 0x00, 0x00, 0x00, 0x00, 0x00, 0x00, 0x00, 0x00, 0x00,
    0x00, 0x00, 0x00, 0x00, 0x00, 0x00, 0x00, 0x00, 0x00, 0x00, 0x00, 0x00, 0x00, 0x00, 0x00, 0x00, 0x00, 0x00,
    0x00, 0x00, 0x00, 0x00, 0x00, 0x00, 0x00, 0x00, 0x00, 0x00, 0x00, 0x00, 0x00, 0x00, 0x00, 0x00, 0x00, 0x00,
    0x00, 0x00, 0x00, 0x00, 0x00, 0x00, 0x00, 0x00, 0x00, 0x00, 0x00, 0x00, 0x00, 0x00, 0x00, 0x00, 0x00, 0x00,
    0x00, 0x00, 0x00, 0x00, 0x00, 0x00, 0x00, 0x00, 0x00, 0x00, 0x00, 0x00, 0x00, 0x00, 0x00, 0x00, 0x00, 0x00,
    0x00, 0x00, 0x00, 0x00, 0x00, 0x00, 0x00, 0x00, 0x00, 0x00, 0x00, 0x00, 0x00, 0x00, 0x00, 0x00, 0x00, 0x00,
    0x00, 0x00, 0x00, 0x00, 0x00, 0x00, 0x00, 0x00, 0x00, 0x00, 0x00, 0x00, 0x00, 0x00, 0x00, 0x00, 0x00, 0x00,
    0x00, 0x1e, 0x00, 0x00, 0x00, 0x00, 0x00, 0x00, 0x00, 0x00, 0x7f, 0x80, 0x1f, 0xc3, 0xf9, 0xfc, 0x3f, 0xe0,
    0x00, 0x6f, 0x80, 0x3f, 0xc7, 0xf9, 0xfe, 0x3f, 0xe0, 0x00, 0xdf, 0xc0, 0x7f, 0xcf, 0xf9, 0xff, 0x3f, 0xe0,
    0x01, 0xbf, 0x80, 0x70, 0x0e, 0x39, 0xc7, 0x38, 0x00, 0x01, 0x15, 0x80, 0xe0, 0x1c, 0x73, 0x8e, 0x70, 0x00,
    0x01, 0xbf, 0x80, 0xe0, 0x1c, 0x73, 0x8e, 0x7f, 0x00, 0x01, 0x15, 0x80, 0xe0, 0x1c, 0x73, 0x8e, 0x7f, 0x00,
    0x02, 0xbf, 0x00, 0xe0, 0x1c, 0x73, 0x8e, 0x70, 0x00, 0x02, 0x37, 0x01, 0xc0, 0x38, 0xe7, 0x1c, 0xe0, 0x00,
    0x02, 0xbf, 0x01, 0xff, 0x3f, 0xe7, 0xfc, 0xff, 0x80, 0x02, 0x37, 0x00, 0xff, 0x3f, 0xc7, 0xf8, 0xff, 0x80,
    0x06, 0xfe, 0x00, 0x7f, 0x3f, 0x87, 0xf0, 0xff, 0x80, 0x04, 0x56, 0x00, 0x00, 0x00, 0x00, 0x00, 0x00, 0x00,
    0x06, 0xfe, 0x00, 0x00, 0x00, 0x00, 0x00, 0x00, 0x00, 0x04, 0x56, 0x01, 0xc7, 0x3f, 0xe7, 0xfc, 0xff, 0x00,
    0x0a, 0xfc, 0x01, 0xce, 0x3f, 0xe7, 0xfc, 0xff, 0x80, 0x08, 0xdc, 0x01, 0xdc, 0x3f, 0xe7, 0xfc, 0xe3, 0x80,
    0x0a, 0xfc, 0x01, 0xf8, 0x38, 0x07, 0x00, 0xe3, 0x80, 0x08, 0xdc, 0x03, 0xe0, 0x70, 0x0e, 0x01, 0xce, 0x00,
    0x1b, 0xf8, 0x03, 0xc0, 0x7f, 0x0f, 0xe1, 0xfc, 0x00, 0x11, 0x58, 0x03, 0xe0, 0x7f, 0x0f, 0xe1, 0xfe, 0x00,
    0x1b, 0xf8, 0x03, 0xf0, 0x70, 0x0e, 0x01, 0xc7, 0x00, 0x11, 0x58, 0x07, 0x70, 0xe0, 0x1c, 0x03, 0x8e, 0x00,
    0x32, 0xb0, 0x07, 0x38, 0xff, 0x9f, 0xf3, 0xfe, 0x00, 0x12, 0x20, 0x07, 0x1c, 0xff, 0x9f, 0xf3, 0xfe, 0x00,
    0x1e, 0xe0, 0x07, 0x1c, 0xff, 0x9f, 0xf3, 0xfc, 0x00, 0x07, 0x80, 0x00, 0x00, 0x00, 0x00, 0x00, 0x00, 0x00,
    0x00, 0x00, 0x00, 0x00, 0x00, 0x00, 0x00, 0x00, 0x00, 0x00, 0x00, 0x00, 0x00, 0x00, 0x00, 0x00, 0x00, 0x00,
    0x00, 0x00, 0x00, 0x00, 0x00, 0x00, 0x00, 0x00, 0x00, 0x00, 0x00, 0x00, 0x00, 0x00, 0x00, 0x00, 0x00, 0x00,
    0x00, 0x00, 0x00, 0x00, 0x00, 0x00, 0x00, 0x00, 0x00, 0x00, 0x00, 0x00, 0x00, 0x00, 0x00, 0x00, 0x00, 0x00,
    0x00, 0x00, 0x00, 0x00, 0x00, 0x00, 0x00, 0x00, 0x00, 0x00, 0x00, 0x00, 0x00, 0x00, 0x00, 0x00, 0x00, 0x00,
    0x00, 0x00, 0x00, 0x00, 0x00, 0x00, 0x00, 0x00, 0x00, 0x00, 0x00, 0x00, 0x00, 0x00, 0x00, 0x00, 0x00, 0x00,
    0x00, 0x00, 0x00, 0x00, 0x00, 0x00, 0x00, 0x00, 0x00, 0x00, 0x00, 0x00, 0x00, 0x00, 0x00, 0x00, 0x00, 0x00,
    0x00, 0x00, 0x00, 0x00, 0x00, 0x00, 0x00, 0x00, 0x00, 0x00, 0x00, 0x00, 0x00, 0x00, 0x00, 0x00, 0x00, 0x00,
    0x00, 0x00, 0x00, 0x00, 0x00, 0x00, 0x00, 0x00, 0x00, 0x00, 0x00, 0x00, 0x00, 0x00, 0x00, 0x00, 0x00, 0x00,
    0x00, 0x00, 0x00, 0x00, 0x00, 0x00, 0x00, 0x00, 0x00, 0x00, 0x00, 0x00, 0x00, 0x00, 0x00, 0x00, 0x00, 0x00,
    0x00, 0x00, 0x00, 0x00, 0x00, 0x00, 0x00, 0x00, 0x00, 0x00, 0x00, 0x00, 0x00, 0x00, 0x00, 0x00, 0x00, 0x00,
};
const lv_img_dsc_t codekeeb_logo_24 = {
    .header.cf = LV_IMG_CF_INDEXED_1BIT,
    .header.always_zero = 0,
    .header.reserved = 0,
    .header.w = 69,
    .header.h = 68,
    .data_size = 620,
    .data = codekeeb_logo_24_map,
};

static const LV_ATTRIBUTE_MEM_ALIGN uint8_t codekeeb_logo_25_map[] = {
#if CONFIG_NICE_OLED_WIDGET_INVERTED
    0x00, 0x00, 0x00, 0xff, 0xff, 0xff, 0xff, 0xff,
#else
    0xff, 0xff, 0xff, 0xff, 0x00, 0x00, 0x00, 0xff,
#endif
    0x00, 0x00, 0x00, 0x00, 0x00, 0x00, 0x00, 0x00, 0x00, 0x00, 0x00, 0x00, 0x00, 0x00, 0x00, 0x00, 0x00, 0x00,
    0x00, 0x00, 0x00, 0x00, 0x00, 0x00, 0x00, 0x00, 0x00, 0x00, 0x00, 0x00, 0x00, 0x00, 0x00, 0x00, 0x00, 0x00,
    0x00, 0x00, 0x00, 0x00, 0x00, 0x00, 0x00, 0x00, 0x00, 0x00, 0x00, 0x00, 0x00, 0x00, 0x00, 0x00, 0x00, 0x00,
    0x00, 0x00, 0x00, 0x00, 0x00, 0x00, 0x00, 0x00, 0x00, 0x00, 0x00, 0x00, 0x00, 0x00, 0x00, 0x00, 0x00, 0x00,
    0x00, 0x00, 0x00, 0x00, 0x00, 0x00, 0x00, 0x00, 0x00, 0x00, 0x00, 0x00, 0x00, 0x00, 0x00, 0x00, 0x00, 0x00,
    0x00, 0x00, 0x00, 0x00, 0x00, 0x00, 0x00, 0x00, 0x00, 0x00, 0x00, 0x00, 0x00, 0x00, 0x00, 0x00, 0x00, 0x00,
    0x00, 0x00, 0x00, 0x00, 0x00, 0x00, 0x00, 0x00, 0x00, 0x00, 0x00, 0x00, 0x00, 0x00, 0x00, 0x00, 0x00, 0x00,
    0x00, 0x00, 0x00, 0x00, 0x00, 0x00, 0x00, 0x00, 0x00, 0x00, 0x00, 0x00, 0x00, 0x00, 0x00, 0x00, 0x00, 0x00,
    0x00, 0x00, 0x00, 0x00, 0x00, 0x00, 0x00, 0x00, 0x00, 0x00, 0x00, 0x00, 0x00, 0x00, 0x00, 0x00, 0x00, 0x00,
    0x00, 0x00, 0x00, 0x00, 0x00, 0x00, 0x00, 0x00, 0x00, 0x00, 0x00, 0x00, 0x00, 0x00, 0x00, 0x00, 0x00, 0x00,
    0x00, 0x1e, 0x00, 0x00, 0x00, 0x00, 0x00, 0x00, 0x00, 0x00, 0x7f, 0x80, 0x1f, 0xc3, 0xf9, 0xfc, 0x3f, 0xe0,
    0x00, 0x6f, 0x80, 0x3f, 0xc7, 0xf9, 0xfe, 0x3f, 0xe0, 0x00, 0xdf, 0xc0, 0x7f, 0xcf, 0xf9, 0xff, 0x3f, 0xe0,
    0x01, 0xbf, 0x80, 0x70, 0x0e, 0x39, 0xc7, 0x38, 0x00, 0x01, 0x15, 0x80, 0xe0, 0x1c, 0x73, 0x8e, 0x70, 0x00,
    0x01, 0xbf, 0x80, 0xe0, 0x1c, 0x73, 0x8e, 0x7f, 0x00, 0x01, 0x15, 0x80, 0xe0, 0x1c, 0x73, 0x8e, 0x7f, 0x00,
    0x02, 0xbf, 0x00, 0xe0, 0x1c, 0x73, 0x8e, 0x70, 0x00, 0x02, 0x37, 0x01, 0xc0, 0x38, 0xe7, 0x1c, 0xe0, 0x00,
    0x02, 0xbf, 0x01, 0xff, 0x3f, 0xe7, 0xfc, 0xff, 0x80, 0x02, 0x37, 0x00, 0xff, 0x3f, 0xc7, 0xf8, 0xff, 0x80,
    0x06, 0xfe, 0x00, 0x7f, 0x3f, 0x87, 0xf0, 0xff, 0x80, 0x04, 0x56, 0x00, 0x00, 0x00, 0x00, 0x00, 0x00, 0x00,
    0x06, 0xfe, 0x00, 0x00, 0x00, 0x00, 0x00, 0x00, 0x00, 0x04, 0x56, 0x01, 0xc7, 0x3f, 0xe7, 0xfc, 0xff, 0x00,
    0x0a, 0xfc, 0x01, 0xce, 0x3f, 0xe7, 0xfc, 0xff, 0x80, 0x08, 0xdc, 0x01, 0xdc, 0x3f, 0xe7, 0xfc, 0xe3, 0x80,
    0x0a, 0xfc, 0x01, 0xf8, 0x38, 0x07, 0x00, 0xe3, 0x80, 0x08, 0xdc, 0x03, 0xe0, 0x70, 0x0e, 0x01, 0xce, 0x00,
    0x1b, 0xf8, 0x03, 0xc0, 0x7f, 0x0f, 0xe1, 0xfc, 0x00, 0x11, 0x58, 0x03, 0xe0, 0x7f, 0x0f, 0xe1, 0xfe, 0x00,
    0x1b, 0xf8, 0x03, 0xf0, 0x70, 0x0e, 0x01, 0xc7, 0x00, 0x11, 0x58, 0x07, 0x70, 0xe0, 0x1c, 0x03, 0x8e, 0x00,
    0x32, 0xb0, 0x07, 0x38, 0xff, 0x9f, 0xf3, 0xfe, 0x00, 0x12, 0x20, 0x07, 0x1c, 0xff, 0x9f, 0xf3, 0xfe, 0x00,
    0x1e, 0xe0, 0x07, 0x1c, 0xff, 0x9f, 0xf3, 0xfc, 0x00, 0x07, 0x80, 0x00, 0x00, 0x00, 0x00, 0x00, 0x00, 0x00,
    0x00, 0x00, 0x00, 0x00, 0x00, 0x00, 0x00, 0x00, 0x00, 0x00, 0x00, 0x00, 0x00, 0x00, 0x00, 0x00, 0x00, 0x00,
    0x00, 0x00, 0x00, 0x00, 0x00, 0x00, 0x00, 0x00, 0x00, 0x00, 0x00, 0x00, 0x00, 0x00, 0x00, 0x00, 0x00, 0x00,
    0x00, 0x00, 0x00, 0x00, 0x00, 0x00, 0x00, 0x00, 0x00, 0x00, 0x00, 0x00, 0x00, 0x00, 0x00, 0x00, 0x00, 0x00,
    0x00, 0x00, 0x00, 0x00, 0x00, 0x00, 0x00, 0x00, 0x00, 0x00, 0x00, 0x00, 0x00, 0x00, 0x00, 0x00, 0x00, 0x00,
    0x00, 0x00, 0x00, 0x00, 0x00, 0x00, 0x00, 0x00, 0x00, 0x00, 0x00, 0x00, 0x00, 0x00, 0x00, 0x00, 0x00, 0x00,
    0x00, 0x00, 0x00, 0x00, 0x00, 0x00, 0x00, 0x00, 0x00, 0x00, 0x00, 0x00, 0x00, 0x00, 0x00, 0x00, 0x00, 0x00,
    0x00, 0x00, 0x00, 0x00, 0x00, 0x00, 0x00, 0x00, 0x00, 0x00, 0x00, 0x00, 0x00, 0x00, 0x00, 0x00, 0x00, 0x00,
    0x00, 0x00, 0x00, 0x00, 0x00, 0x00, 0x00, 0x00, 0x00, 0x00, 0x00, 0x00, 0x00, 0x00, 0x00, 0x00, 0x00, 0x00,
    0x00, 0x00, 0x00, 0x00, 0x00, 0x00, 0x00, 0x00, 0x00, 0x00, 0x00, 0x00, 0x00, 0x00, 0x00, 0x00, 0x00, 0x00,
    0x00, 0x00, 0x00, 0x00, 0x00, 0x00, 0x00, 0x00, 0x00, 0x00, 0x00, 0x00, 0x00, 0x00, 0x00, 0x00, 0x00, 0x00,
};
const lv_img_dsc_t codekeeb_logo_25 = {
    .header.cf = LV_IMG_CF_INDEXED_1BIT,
    .header.always_zero = 0,
    .header.reserved = 0,
    .header.w = 69,
    .header.h = 68,
    .data_size = 620,
    .data = codekeeb_logo_25_map,
};

static const LV_ATTRIBUTE_MEM_ALIGN uint8_t codekeeb_logo_26_map[] = {
#if CONFIG_NICE_OLED_WIDGET_INVERTED
    0x00, 0x00, 0x00, 0xff, 0xff, 0xff, 0xff, 0xff,
#else
    0xff, 0xff, 0xff, 0xff, 0x00, 0x00, 0x00, 0xff,
#endif
    0x00, 0x00, 0x00, 0x00, 0x00, 0x00, 0x00, 0x00, 0x00, 0x00, 0x00, 0x00, 0x00, 0x00, 0x00, 0x00, 0x00, 0x00,
    0x00, 0x00, 0x00, 0x00, 0x00, 0x00, 0x00, 0x00, 0x00, 0x00, 0x00, 0x00, 0x00, 0x00, 0x00, 0x00, 0x00, 0x00,
    0x00, 0x00, 0x00, 0x00, 0x00, 0x00, 0x00, 0x00, 0x00, 0x00, 0x00, 0x00, 0x00, 0x00, 0x00, 0x00, 0x00, 0x00,
    0x00, 0x00, 0x00, 0x00, 0x00, 0x00, 0x00, 0x00, 0x00, 0x00, 0x00, 0x00, 0x00, 0x00, 0x00, 0x00, 0x00, 0x00,
    0x00, 0x00, 0x00, 0x00, 0x00, 0x00, 0x00, 0x00, 0x00, 0x00, 0x00, 0x00, 0x00, 0x00, 0x00, 0x00, 0x00, 0x00,
    0x00, 0x00, 0x00, 0x00, 0x00, 0x00, 0x00, 0x00, 0x00, 0x00, 0x00, 0x00, 0x00, 0x00, 0x00, 0x00, 0x00, 0x00,
    0x00, 0x00, 0x00, 0x00, 0x00, 0x00, 0x00, 0x00, 0x00, 0x00, 0x00, 0x00, 0x00, 0x00, 0x00, 0x00, 0x00, 0x00,
    0x00, 0x00, 0x00, 0x00, 0x00, 0x00, 0x00, 0x00, 0x00, 0x00, 0x00, 0x00, 0x00, 0x00, 0x00, 0x00, 0x00, 0x00,
    0x00, 0x00, 0x00, 0x00, 0x00, 0x00, 0x00, 0x00, 0x00, 0x00, 0x00, 0x00, 0x00, 0x00, 0x00, 0x00, 0x00, 0x00,
    0x00, 0x00, 0x00, 0x00, 0x00, 0x00, 0x00, 0x00, 0x00, 0x00, 0x00, 0x00, 0x00, 0x00, 0x00, 0x00, 0x00, 0x00,
    0x00, 0x1e, 0x00, 0x00, 0x00, 0x00, 0x00, 0x00, 0x00, 0x00, 0x7f, 0x80, 0x1f, 0xc3, 0xf9, 0xfc, 0x3f, 0xe0,
    0x00, 0x6f, 0x80, 0x3f, 0xc7, 0xf9, 0xfe, 0x3f, 0xe0, 0x00, 0xdf, 0xc0, 0x7f, 0xcf, 0xf9, 0xff, 0x3f, 0xe0,
    0x01, 0xbf, 0x80, 0x70, 0x0e, 0x39, 0xc7, 0x38, 0x00, 0x01, 0x15, 0x80, 0xe0, 0x1c, 0x73, 0x8e, 0x70, 0x00,
    0x01, 0xbf, 0x80, 0xe0, 0x1c, 0x73, 0x8e, 0x7f, 0x00, 0x01, 0x15, 0x80, 0xe0, 0x1c, 0x73, 0x8e, 0x7f, 0x00,
    0x02, 0xbf, 0x00, 0xe0, 0x1c, 0x73, 0x8e, 0x70, 0x00, 0x02, 0x37, 0x01, 0xc0, 0x38, 0xe7, 0x1c, 0xe0, 0x00,
    0x02, 0xbf, 0x01, 0xff, 0x3f, 0xe7, 0xfc, 0xff, 0x80, 0x02, 0x37, 0x00, 0xff, 0x3f, 0xc7, 0xf8, 0xff, 0x80,
    0x06, 0xfe, 0x00, 0x7f, 0x3f, 0x87, 0xf0, 0xff, 0x80, 0x04, 0x56, 0x00, 0x00, 0x00, 0x00, 0x00, 0x00, 0x00,
    0x06, 0xfe, 0x00, 0x00, 0x00, 0x00, 0x00, 0x00, 0x00, 0x04, 0x56, 0x01, 0xc7, 0x3f, 0xe7, 0xfc, 0xff, 0x00,
    0x0a, 0xfc, 0x01, 0xce, 0x3f, 0xe7, 0xfc, 0xff, 0x80, 0x08, 0xdc, 0x01, 0xdc, 0x3f, 0xe7, 0xfc, 0xe3, 0x80,
    0x0a, 0xfc, 0x01, 0xf8, 0x38, 0x07, 0x00, 0xe3, 0x80, 0x08, 0xdc, 0x03, 0xe0, 0x70, 0x0e, 0x01, 0xce, 0x00,
    0x1b, 0xf8, 0x03, 0xc0, 0x7f, 0x0f, 0xe1, 0xfc, 0x00, 0x11, 0x58, 0x03, 0xe0, 0x7f, 0x0f, 0xe1, 0xfe, 0x00,
    0x1b, 0xf8, 0x03, 0xf0, 0x70, 0x0e, 0x01, 0xc7, 0x00, 0x11, 0x58, 0x07, 0x70, 0xe0, 0x1c, 0x03, 0x8e, 0x00,
    0x32, 0xb0, 0x07, 0x38, 0xff, 0x9f, 0xf3, 0xfe, 0x00, 0x12, 0x20, 0x07, 0x1c, 0xff, 0x9f, 0xf3, 0xfe, 0x00,
    0x1e, 0xe0, 0x07, 0x1c, 0xff, 0x9f, 0xf3, 0xfc, 0x00, 0x07, 0x80, 0x00, 0x00, 0x00, 0x00, 0x00, 0x00, 0x00,
    0x00, 0x00, 0x00, 0x00, 0x00, 0x00, 0x00, 0x00, 0x00, 0x00, 0x00, 0x00, 0x00, 0x00, 0x00, 0x00, 0x00, 0x00,
    0x00, 0x00, 0x00, 0x00, 0x00, 0x00, 0x00, 0x00, 0x00, 0x00, 0x00, 0x00, 0x00, 0x00, 0x00, 0x00, 0x00, 0x00,
    0x00, 0x00, 0x00, 0x00, 0x00, 0x00, 0x00, 0x00, 0x00, 0x00, 0x00, 0x00, 0x00, 0x00, 0x00, 0x00, 0x00, 0x00,
    0x00, 0x00, 0x00, 0x00, 0x00, 0x00, 0x00, 0x00, 0x00, 0x00, 0x00, 0x00, 0x00, 0x00, 0x00, 0x00, 0x00, 0x00,
    0x00, 0x00, 0x00, 0x00, 0x00, 0x00, 0x00, 0x00, 0x00, 0x00, 0x00, 0x00, 0x00, 0x00, 0x00, 0x00, 0x00, 0x00,
    0x00, 0x00, 0x00, 0x00, 0x00, 0x00, 0x00, 0x00, 0x00, 0x00, 0x00, 0x00, 0x00, 0x00, 0x00, 0x00, 0x00, 0x00,
    0x00, 0x00, 0x00, 0x00, 0x00, 0x00, 0x00, 0x00, 0x00, 0x00, 0x00, 0x00, 0x00, 0x00, 0x00, 0x00, 0x00, 0x00,
    0x00, 0x00, 0x00, 0x00, 0x00, 0x00, 0x00, 0x00, 0x00, 0x00, 0x00, 0x00, 0x00, 0x00, 0x00, 0x00, 0x00, 0x00,
    0x00, 0x00, 0x00, 0x00, 0x00, 0x00, 0x00, 0x00, 0x00, 0x00, 0x00, 0x00, 0x00, 0x00, 0x00, 0x00, 0x00, 0x00,
    0x00, 0x00, 0x00, 0x00, 0x00, 0x00, 0x00, 0x00, 0x00, 0x00, 0x00, 0x00, 0x00, 0x00, 0x00, 0x00, 0x00, 0x00,
};
const lv_img_dsc_t codekeeb_logo_26 = {
    .header.cf = LV_IMG_CF_INDEXED_1BIT,
    .header.always_zero = 0,
    .header.reserved = 0,
    .header.w = 69,
    .header.h = 68,
    .data_size = 620,
    .data = codekeeb_logo_26_map,
};

static const LV_ATTRIBUTE_MEM_ALIGN uint8_t codekeeb_logo_27_map[] = {
#if CONFIG_NICE_OLED_WIDGET_INVERTED
    0x00, 0x00, 0x00, 0xff, 0xff, 0xff, 0xff, 0xff,
#else
    0xff, 0xff, 0xff, 0xff, 0x00, 0x00, 0x00, 0xff,
#endif
    0x00, 0x00, 0x00, 0x00, 0x00, 0x00, 0x00, 0x00, 0x00, 0x00, 0x00, 0x00, 0x00, 0x00, 0x00, 0x00, 0x00, 0x00,
    0x00, 0x00, 0x00, 0x00, 0x00, 0x00, 0x00, 0x00, 0x00, 0x00, 0x00, 0x00, 0x00, 0x00, 0x00, 0x00, 0x00, 0x00,
    0x00, 0x00, 0x00, 0x00, 0x00, 0x00, 0x00, 0x00, 0x00, 0x00, 0x00, 0x00, 0x00, 0x00, 0x00, 0x00, 0x00, 0x00,
    0x00, 0x00, 0x00, 0x00, 0x00, 0x00, 0x00, 0x00, 0x00, 0x00, 0x00, 0x00, 0x00, 0x00, 0x00, 0x00, 0x00, 0x00,
    0x00, 0x00, 0x00, 0x00, 0x00, 0x00, 0x00, 0x00, 0x00, 0x00, 0x00, 0x00, 0x00, 0x00, 0x00, 0x00, 0x00, 0x00,
    0x00, 0x00, 0x00, 0x00, 0x00, 0x00, 0x00, 0x00, 0x00, 0x00, 0x00, 0x00, 0x00, 0x00, 0x00, 0x00, 0x00, 0x00,
    0x00, 0x00, 0x00, 0x00, 0x00, 0x00, 0x00, 0x00, 0x00, 0x00, 0x00, 0x00, 0x00, 0x00, 0x00, 0x00, 0x00, 0x00,
    0x00, 0x00, 0x00, 0x00, 0x00, 0x00, 0x00, 0x00, 0x00, 0x00, 0x00, 0x00, 0x00, 0x00, 0x00, 0x00, 0x00, 0x00,
    0x00, 0x00, 0x00, 0x00, 0x00, 0x00, 0x00, 0x00, 0x00, 0x00, 0x00, 0x00, 0x00, 0x00, 0x00, 0x00, 0x00, 0x00,
    0x00, 0x00, 0x00, 0x00, 0x00, 0x00, 0x00, 0x00, 0x00, 0x00, 0x00, 0x00, 0x00, 0x00, 0x00, 0x00, 0x00, 0x00,
    0x00, 0x1e, 0x00, 0x00, 0x00, 0x00, 0x00, 0x00, 0x00, 0x00, 0x77, 0x80, 0x1f, 0xc3, 0xf9, 0xfc, 0x3f, 0xe0,
    0x00, 0x7f, 0x80, 0x3f, 0xc7, 0xf9, 0xfe, 0x3f, 0xe0, 0x00, 0xdf, 0xc0, 0x7f, 0xcf, 0xf9, 0xff, 0x3f, 0xe0,
    0x01, 0xbf, 0x80, 0x70, 0x0e, 0x39, 0xc7, 0x38, 0x00, 0x01, 0x35, 0x80, 0xe0, 0x1c, 0x73, 0x8e, 0x70, 0x00,
    0x01, 0xbf, 0x80, 0xe0, 0x1c, 0x73, 0x8e, 0x7f, 0x00, 0x01, 0x35, 0x80, 0xe0, 0x1c, 0x73, 0x8e, 0x7f, 0x00,
    0x02, 0xff, 0x00, 0xe0, 0x1c, 0x73, 0x8e, 0x70, 0x00, 0x02, 0x57, 0x01, 0xc0, 0x38, 0xe7, 0x1c, 0xe0, 0x00,
    0x02, 0xff, 0x01, 0xff, 0x3f, 0xe7, 0xfc, 0xff, 0x80, 0x02, 0x57, 0x00, 0xff, 0x3f, 0xc7, 0xf8, 0xff, 0x80,
    0x06, 0xfe, 0x00, 0x7f, 0x3f, 0x87, 0xf0, 0xff, 0x80, 0x04, 0xd6, 0x00, 0x00, 0x00, 0x00, 0x00, 0x00, 0x00,
    0x06, 0xfe, 0x00, 0x00, 0x00, 0x00, 0x00, 0x00, 0x00, 0x04, 0xd6, 0x01, 0xc7, 0x3f, 0xe7, 0xfc, 0xff, 0x00,
    0x0b, 0xfc, 0x01, 0xce, 0x3f, 0xe7, 0xfc, 0xff, 0x80, 0x09, 0x5c, 0x01, 0xdc, 0x3f, 0xe7, 0xfc, 0xe3, 0x80,
    0x0b, 0xfc, 0x01, 0xf8, 0x38, 0x07, 0x00, 0xe3, 0x80, 0x09, 0x5c, 0x03, 0xe0, 0x70, 0x0e, 0x01, 0xce, 0x00,
    0x1b, 0xf8, 0x03, 0xc0, 0x7f, 0x0f, 0xe1, 0xfc, 0x00, 0x13, 0x58, 0x03, 0xe0, 0x7f, 0x0f, 0xe1, 0xfe, 0x00,
    0x1b, 0xf8, 0x03, 0xf0, 0x70, 0x0e, 0x01, 0xc7, 0x00, 0x13, 0x58, 0x07, 0x70, 0xe0, 0x1c, 0x03, 0x8e, 0x00,
    0x36, 0xb0, 0x07, 0x38, 0xff, 0x9f, 0xf3, 0xfe, 0x00, 0x14, 0x20, 0x07, 0x1c, 0xff, 0x9f, 0xf3, 0xfe, 0x00,
    0x1c, 0xe0, 0x07, 0x1c, 0xff, 0x9f, 0xf3, 0xfc, 0x00, 0x07, 0x80, 0x00, 0x00, 0x00, 0x00, 0x00, 0x00, 0x00,
    0x00, 0x00, 0x00, 0x00, 0x00, 0x00, 0x00, 0x00, 0x00, 0x00, 0x00, 0x00, 0x00, 0x00, 0x00, 0x00, 0x00, 0x00,
    0x00, 0x00, 0x00, 0x00, 0x00, 0x00, 0x00, 0x00, 0x00, 0x00, 0x00, 0x00, 0x00, 0x00, 0x00, 0x00, 0x00, 0x00,
    0x00, 0x00, 0x00, 0x00, 0x00, 0x00, 0x00, 0x00, 0x00, 0x00, 0x00, 0x00, 0x00, 0x00, 0x00, 0x00, 0x00, 0x00,
    0x00, 0x00, 0x00, 0x00, 0x00, 0x00, 0x00, 0x00, 0x00, 0x00, 0x00, 0x00, 0x00, 0x00, 0x00, 0x00, 0x00, 0x00,
    0x00, 0x00, 0x00, 0x00, 0x00, 0x00, 0x00, 0x00, 0x00, 0x00, 0x00, 0x00, 0x00, 0x00, 0x00, 0x00, 0x00, 0x00,
    0x00, 0x00, 0x00, 0x00, 0x00, 0x00, 0x00, 0x00, 0x00, 0x00, 0x00, 0x00, 0x00, 0x00, 0x00, 0x00, 0x00, 0x00,
    0x00, 0x00, 0x00, 0x00, 0x00, 0x00, 0x00, 0x00, 0x00, 0x00, 0x00, 0x00, 0x00, 0x00, 0x00, 0x00, 0x00, 0x00,
    0x00, 0x00, 0x00, 0x00, 0x00, 0x00, 0x00, 0x00, 0x00, 0x00, 0x00, 0x00, 0x00, 0x00, 0x00, 0x00, 0x00, 0x00,
    0x00, 0x00, 0x00, 0x00, 0x00, 0x00, 0x00, 0x00, 0x00, 0x00, 0x00, 0x00, 0x00, 0x00, 0x00, 0x00, 0x00, 0x00,
    0x00, 0x00, 0x00, 0x00, 0x00, 0x00, 0x00, 0x00, 0x00, 0x00, 0x00, 0x00, 0x00, 0x00, 0x00, 0x00, 0x00, 0x00,
};
const lv_img_dsc_t codekeeb_logo_27 = {
    .header.cf = LV_IMG_CF_INDEXED_1BIT,
    .header.always_zero = 0,
    .header.reserved = 0,
    .header.w = 69,
    .header.h = 68,
    .data_size = 620,
    .data = codekeeb_logo_27_map,
};

static const LV_ATTRIBUTE_MEM_ALIGN uint8_t codekeeb_logo_28_map[] = {
#if CONFIG_NICE_OLED_WIDGET_INVERTED
    0x00, 0x00, 0x00, 0xff, 0xff, 0xff, 0xff, 0xff,
#else
    0xff, 0xff, 0xff, 0xff, 0x00, 0x00, 0x00, 0xff,
#endif
    0x00, 0x00, 0x00, 0x00, 0x00, 0x00, 0x00, 0x00, 0x00, 0x00, 0x00, 0x00, 0x00, 0x00, 0x00, 0x00, 0x00, 0x00,
    0x00, 0x00, 0x00, 0x00, 0x00, 0x00, 0x00, 0x00, 0x00, 0x00, 0x00, 0x00, 0x00, 0x00, 0x00, 0x00, 0x00, 0x00,
    0x00, 0x00, 0x00, 0x00, 0x00, 0x00, 0x00, 0x00, 0x00, 0x00, 0x00, 0x00, 0x00, 0x00, 0x00, 0x00, 0x00, 0x00,
    0x00, 0x00, 0x00, 0x00, 0x00, 0x00, 0x00, 0x00, 0x00, 0x00, 0x00, 0x00, 0x00, 0x00, 0x00, 0x00, 0x00, 0x00,
    0x00, 0x00, 0x00, 0x00, 0x00, 0x00, 0x00, 0x00, 0x00, 0x00, 0x00, 0x00, 0x00, 0x00, 0x00, 0x00, 0x00, 0x00,
    0x00, 0x00, 0x00, 0x00, 0x00, 0x00, 0x00, 0x00, 0x00, 0x00, 0x00, 0x00, 0x00, 0x00, 0x00, 0x00, 0x00, 0x00,
    0x00, 0x00, 0x00, 0x00, 0x00, 0x00, 0x00, 0x00, 0x00, 0x00, 0x00, 0x00, 0x00, 0x00, 0x00, 0x00, 0x00, 0x00,
    0x00, 0x00, 0x00, 0x00, 0x00, 0x00, 0x00, 0x00, 0x00, 0x00, 0x00, 0x00, 0x00, 0x00, 0x00, 0x00, 0x00, 0x00,
    0x00, 0x00, 0x00, 0x00, 0x00, 0x00, 0x00, 0x00, 0x00, 0x00, 0x00, 0x00, 0x00, 0x00, 0x00, 0x00, 0x00, 0x00,
    0x00, 0x00, 0x00, 0x00, 0x00, 0x00, 0x00, 0x00, 0x00, 0x00, 0x00, 0x00, 0x00, 0x00, 0x00, 0x00, 0x00, 0x00,
    0x00, 0x1e, 0x00, 0x00, 0x00, 0x00, 0x00, 0x00, 0x00, 0x00, 0x77, 0x80, 0x1f, 0xc3, 0xf9, 0xfc, 0x3f, 0xe0,
    0x00, 0x7f, 0x80, 0x3f, 0xc7, 0xf9, 0xfe, 0x3f, 0xe0, 0x00, 0xdf, 0xc0, 0x7f, 0xcf, 0xf9, 0xff, 0x3f, 0xe0,
    0x01, 0xbf, 0x80, 0x70, 0x0e, 0x39, 0xc7, 0x38, 0x00, 0x01, 0x35, 0x80, 0xe0, 0x1c, 0x73, 0x8e, 0x70, 0x00,
    0x01, 0xbf, 0x80, 0xe0, 0x1c, 0x73, 0x8e, 0x7f, 0x00, 0x01, 0x35, 0x80, 0xe0, 0x1c, 0x73, 0x8e, 0x7f, 0x00,
    0x02, 0xff, 0x00, 0xe0, 0x1c, 0x73, 0x8e, 0x70, 0x00, 0x02, 0x57, 0x01, 0xc0, 0x38, 0xe7, 0x1c, 0xe0, 0x00,
    0x02, 0xff, 0x01, 0xff, 0x3f, 0xe7, 0xfc, 0xff, 0x80, 0x02, 0x57, 0x00, 0xff, 0x3f, 0xc7, 0xf8, 0xff, 0x80,
    0x06, 0xfe, 0x00, 0x7f, 0x3f, 0x87, 0xf0, 0xff, 0x80, 0x04, 0xd6, 0x00, 0x00, 0x00, 0x00, 0x00, 0x00, 0x00,
    0x06, 0xfe, 0x00, 0x00, 0x00, 0x00, 0x00, 0x00, 0x00, 0x04, 0xd6, 0x01, 0xc7, 0x3f, 0xe7, 0xfc, 0xff, 0x00,
    0x0b, 0xfc, 0x01, 0xce, 0x3f, 0xe7, 0xfc, 0xff, 0x80, 0x09, 0x5c, 0x01, 0xdc, 0x3f, 0xe7, 0xfc, 0xe3, 0x80,
    0x0b, 0xfc, 0x01, 0xf8, 0x38, 0x07, 0x00, 0xe3, 0x80, 0x09, 0x5c, 0x03, 0xe0, 0x70, 0x0e, 0x01, 0xce, 0x00,
    0x1b, 0xf8, 0x03, 0xc0, 0x7f, 0x0f, 0xe1, 0xfc, 0x00, 0x13, 0x58, 0x03, 0xe0, 0x7f, 0x0f, 0xe1, 0xfe, 0x00,
    0x1b, 0xf8, 0x03, 0xf0, 0x70, 0x0e, 0x01, 0xc7, 0x00, 0x13, 0x58, 0x07, 0x70, 0xe0, 0x1c, 0x03, 0x8e, 0x00,
    0x36, 0xb0, 0x07, 0x38, 0xff, 0x9f, 0xf3, 0xfe, 0x00, 0x14, 0x20, 0x07, 0x1c, 0xff, 0x9f, 0xf3, 0xfe, 0x00,
    0x1c, 0xe0, 0x07, 0x1c, 0xff, 0x9f, 0xf3, 0xfc, 0x00, 0x07, 0x80, 0x00, 0x00, 0x00, 0x00, 0x00, 0x00, 0x00,
    0x00, 0x00, 0x00, 0x00, 0x00, 0x00, 0x00, 0x00, 0x00, 0x00, 0x00, 0x00, 0x00, 0x00, 0x00, 0x00, 0x00, 0x00,
    0x00, 0x00, 0x00, 0x00, 0x00, 0x00, 0x00, 0x00, 0x00, 0x00, 0x00, 0x00, 0x00, 0x00, 0x00, 0x00, 0x00, 0x00,
    0x00, 0x00, 0x00, 0x00, 0x00, 0x00, 0x00, 0x00, 0x00, 0x00, 0x00, 0x00, 0x00, 0x00, 0x00, 0x00, 0x00, 0x00,
    0x00, 0x00, 0x00, 0x00, 0x00, 0x00, 0x00, 0x00, 0x00, 0x00, 0x00, 0x00, 0x00, 0x00, 0x00, 0x00, 0x00, 0x00,
    0x00, 0x00, 0x00, 0x00, 0x00, 0x00, 0x00, 0x00, 0x00, 0x00, 0x00, 0x00, 0x00, 0x00, 0x00, 0x00, 0x00, 0x00,
    0x00, 0x00, 0x00, 0x00, 0x00, 0x00, 0x00, 0x00, 0x00, 0x00, 0x00, 0x00, 0x00, 0x00, 0x00, 0x00, 0x00, 0x00,
    0x00, 0x00, 0x00, 0x00, 0x00, 0x00, 0x00, 0x00, 0x00, 0x00, 0x00, 0x00, 0x00, 0x00, 0x00, 0x00, 0x00, 0x00,
    0x00, 0x00, 0x00, 0x00, 0x00, 0x00, 0x00, 0x00, 0x00, 0x00, 0x00, 0x00, 0x00, 0x00, 0x00, 0x00, 0x00, 0x00,
    0x00, 0x00, 0x00, 0x00, 0x00, 0x00, 0x00, 0x00, 0x00, 0x00, 0x00, 0x00, 0x00, 0x00, 0x00, 0x00, 0x00, 0x00,
    0x00, 0x00, 0x00, 0x00, 0x00, 0x00, 0x00, 0x00, 0x00, 0x00, 0x00, 0x00, 0x00, 0x00, 0x00, 0x00, 0x00, 0x00,
};
const lv_img_dsc_t codekeeb_logo_28 = {
    .header.cf = LV_IMG_CF_INDEXED_1BIT,
    .header.always_zero = 0,
    .header.reserved = 0,
    .header.w = 69,
    .header.h = 68,
    .data_size = 620,
    .data = codekeeb_logo_28_map,
};

static const LV_ATTRIBUTE_MEM_ALIGN uint8_t codekeeb_logo_29_map[] = {
#if CONFIG_NICE_OLED_WIDGET_INVERTED
    0x00, 0x00, 0x00, 0xff, 0xff, 0xff, 0xff, 0xff,
#else
    0xff, 0xff, 0xff, 0xff, 0x00, 0x00, 0x00, 0xff,
#endif
    0x00, 0x00, 0x00, 0x00, 0x00, 0x00, 0x00, 0x00, 0x00, 0x00, 0x00, 0x00, 0x00, 0x00, 0x00, 0x00, 0x00, 0x00,
    0x00, 0x00, 0x00, 0x00, 0x00, 0x00, 0x00, 0x00, 0x00, 0x00, 0x00, 0x00, 0x00, 0x00, 0x00, 0x00, 0x00, 0x00,
    0x00, 0x00, 0x00, 0x00, 0x00, 0x00, 0x00, 0x00, 0x00, 0x00, 0x00, 0x00, 0x00, 0x00, 0x00, 0x00, 0x00, 0x00,
    0x00, 0x00, 0x00, 0x00, 0x00, 0x00, 0x00, 0x00, 0x00, 0x00, 0x00, 0x00, 0x00, 0x00, 0x00, 0x00, 0x00, 0x00,
    0x00, 0x00, 0x00, 0x00, 0x00, 0x00, 0x00, 0x00, 0x00, 0x00, 0x00, 0x00, 0x00, 0x00, 0x00, 0x00, 0x00, 0x00,
    0x00, 0x00, 0x00, 0x00, 0x00, 0x00, 0x00, 0x00, 0x00, 0x00, 0x00, 0x00, 0x00, 0x00, 0x00, 0x00, 0x00, 0x00,
    0x00, 0x00, 0x00, 0x00, 0x00, 0x00, 0x00, 0x00, 0x00, 0x00, 0x00, 0x00, 0x00, 0x00, 0x00, 0x00, 0x00, 0x00,
    0x00, 0x00, 0x00, 0x00, 0x00, 0x00, 0x00, 0x00, 0x00, 0x00, 0x00, 0x00, 0x00, 0x00, 0x00, 0x00, 0x00, 0x00,
    0x00, 0x00, 0x00, 0x00, 0x00, 0x00, 0x00, 0x00, 0x00, 0x00, 0x00, 0x00, 0x00, 0x00, 0x00, 0x00, 0x00, 0x00,
    0x00, 0x00, 0x00, 0x00, 0x00, 0x00, 0x00, 0x00, 0x00, 0x00, 0x00, 0x00, 0x00, 0x00, 0x00, 0x00, 0x00, 0x00,
    0x00, 0x1e, 0x00, 0x00, 0x00, 0x00, 0x00, 0x00, 0x00, 0x00, 0x77, 0x80, 0x1f, 0xc3, 0xf9, 0xfc, 0x3f, 0xe0,
    0x00, 0x7f, 0x80, 0x3f, 0xc7, 0xf9, 0xfe, 0x3f, 0xe0, 0x00, 0xdf, 0xc0, 0x7f, 0xcf, 0xf9, 0xff, 0x3f, 0xe0,
    0x01, 0xbf, 0x80, 0x70, 0x0e, 0x39, 0xc7, 0x38, 0x00, 0x01, 0x35, 0x80, 0xe0, 0x1c, 0x73, 0x8e, 0x70, 0x00,
    0x01, 0xbf, 0x80, 0xe0, 0x1c, 0x73, 0x8e, 0x7f, 0x00, 0x01, 0x35, 0x80, 0xe0, 0x1c, 0x73, 0x8e, 0x7f, 0x00,
    0x02, 0xff, 0x00, 0xe0, 0x1c, 0x73, 0x8e, 0x70, 0x00, 0x02, 0x57, 0x01, 0xc0, 0x38, 0xe7, 0x1c, 0xe0, 0x00,
    0x02, 0xff, 0x01, 0xff, 0x3f, 0xe7, 0xfc, 0xff, 0x80, 0x02, 0x57, 0x00, 0xff, 0x3f, 0xc7, 0xf8, 0xff, 0x80,
    0x06, 0xfe, 0x00, 0x7f, 0x3f, 0x87, 0xf0, 0xff, 0x80, 0x04, 0xd6, 0x00, 0x00, 0x00, 0x00, 0x00, 0x00, 0x00,
    0x06, 0xfe, 0x00, 0x00, 0x00, 0x00, 0x00, 0x00, 0x00, 0x04, 0xd6, 0x01, 0xc7, 0x3f, 0xe7, 0xfc, 0xff, 0x00,
    0x0b, 0xfc, 0x01, 0xce, 0x3f, 0xe7, 0xfc, 0xff, 0x80, 0x09, 0x5c, 0x01, 0xdc, 0x3f, 0xe7, 0xfc, 0xe3, 0x80,
    0x0b, 0xfc, 0x01, 0xf8, 0x38, 0x07, 0x00, 0xe3, 0x80, 0x09, 0x5c, 0x03, 0xe0, 0x70, 0x0e, 0x01, 0xce, 0x00,
    0x1b, 0xf8, 0x03, 0xc0, 0x7f, 0x0f, 0xe1, 0xfc, 0x00, 0x13, 0x58, 0x03, 0xe0, 0x7f, 0x0f, 0xe1, 0xfe, 0x00,
    0x1b, 0xf8, 0x03, 0xf0, 0x70, 0x0e, 0x01, 0xc7, 0x00, 0x13, 0x58, 0x07, 0x70, 0xe0, 0x1c, 0x03, 0x8e, 0x00,
    0x36, 0xb0, 0x07, 0x38, 0xff, 0x9f, 0xf3, 0xfe, 0x00, 0x14, 0x20, 0x07, 0x1c, 0xff, 0x9f, 0xf3, 0xfe, 0x00,
    0x1c, 0xe0, 0x07, 0x1c, 0xff, 0x9f, 0xf3, 0xfc, 0x00, 0x07, 0x80, 0x00, 0x00, 0x00, 0x00, 0x00, 0x00, 0x00,
    0x00, 0x00, 0x00, 0x00, 0x00, 0x00, 0x00, 0x00, 0x00, 0x00, 0x00, 0x00, 0x00, 0x00, 0x00, 0x00, 0x00, 0x00,
    0x00, 0x00, 0x00, 0x00, 0x00, 0x00, 0x00, 0x00, 0x00, 0x00, 0x00, 0x00, 0x00, 0x00, 0x00, 0x00, 0x00, 0x00,
    0x00, 0x00, 0x00, 0x00, 0x00, 0x00, 0x00, 0x00, 0x00, 0x00, 0x00, 0x00, 0x00, 0x00, 0x00, 0x00, 0x00, 0x00,
    0x00, 0x00, 0x00, 0x00, 0x00, 0x00, 0x00, 0x00, 0x00, 0x00, 0x00, 0x00, 0x00, 0x00, 0x00, 0x00, 0x00, 0x00,
    0x00, 0x00, 0x00, 0x00, 0x00, 0x00, 0x00, 0x00, 0x00, 0x00, 0x00, 0x00, 0x00, 0x00, 0x00, 0x00, 0x00, 0x00,
    0x00, 0x00, 0x00, 0x00, 0x00, 0x00, 0x00, 0x00, 0x00, 0x00, 0x00, 0x00, 0x00, 0x00, 0x00, 0x00, 0x00, 0x00,
    0x00, 0x00, 0x00, 0x00, 0x00, 0x00, 0x00, 0x00, 0x00, 0x00, 0x00, 0x00, 0x00, 0x00, 0x00, 0x00, 0x00, 0x00,
    0x00, 0x00, 0x00, 0x00, 0x00, 0x00, 0x00, 0x00, 0x00, 0x00, 0x00, 0x00, 0x00, 0x00, 0x00, 0x00, 0x00, 0x00,
    0x00, 0x00, 0x00, 0x00, 0x00, 0x00, 0x00, 0x00, 0x00, 0x00, 0x00, 0x00, 0x00, 0x00, 0x00, 0x00, 0x00, 0x00,
    0x00, 0x00, 0x00, 0x00, 0x00, 0x00, 0x00, 0x00, 0x00, 0x00, 0x00, 0x00, 0x00, 0x00, 0x00, 0x00, 0x00, 0x00,
};
const lv_img_dsc_t codekeeb_logo_29 = {
    .header.cf = LV_IMG_CF_INDEXED_1BIT,
    .header.always_zero = 0,
    .header.reserved = 0,
    .header.w = 69,
    .header.h = 68,
    .data_size = 620,
    .data = codekeeb_logo_29_map,
};

static const LV_ATTRIBUTE_MEM_ALIGN uint8_t codekeeb_logo_30_map[] = {
#if CONFIG_NICE_OLED_WIDGET_INVERTED
    0x00, 0x00, 0x00, 0xff, 0xff, 0xff, 0xff, 0xff,
#else
    0xff, 0xff, 0xff, 0xff, 0x00, 0x00, 0x00, 0xff,
#endif
    0x00, 0x00, 0x00, 0x00, 0x00, 0x00, 0x00, 0x00, 0x00, 0x00, 0x00, 0x00, 0x00, 0x00, 0x00, 0x00, 0x00, 0x00,
    0x00, 0x00, 0x00, 0x00, 0x00, 0x00, 0x00, 0x00, 0x00, 0x00, 0x00, 0x00, 0x00, 0x00, 0x00, 0x00, 0x00, 0x00,
    0x00, 0x00, 0x00, 0x00, 0x00, 0x00, 0x00, 0x00, 0x00, 0x00, 0x00, 0x00, 0x00, 0x00, 0x00, 0x00, 0x00, 0x00,
    0x00, 0x00, 0x00, 0x00, 0x00, 0x00, 0x00, 0x00, 0x00, 0x00, 0x00, 0x00, 0x00, 0x00, 0x00, 0x00, 0x00, 0x00,
    0x00, 0x00, 0x00, 0x00, 0x00, 0x00, 0x00, 0x00, 0x00, 0x00, 0x00, 0x00, 0x00, 0x00, 0x00, 0x00, 0x00, 0x00,
    0x00, 0x00, 0x00, 0x00, 0x00, 0x00, 0x00, 0x00, 0x00, 0x00, 0x00, 0x00, 0x00, 0x00, 0x00, 0x00, 0x00, 0x00,
    0x00, 0x00, 0x00, 0x00, 0x00, 0x00, 0x00, 0x00, 0x00, 0x00, 0x00, 0x00, 0x00, 0x00, 0x00, 0x00, 0x00, 0x00,
    0x00, 0x00, 0x00, 0x00, 0x00, 0x00, 0x00, 0x00, 0x00, 0x00, 0x00, 0x00, 0x00, 0x00, 0x00, 0x00, 0x00, 0x00,
    0x00, 0x00, 0x00, 0x00, 0x00, 0x00, 0x00, 0x00, 0x00, 0x00, 0x00, 0x00, 0x00, 0x00, 0x00, 0x00, 0x00, 0x00,
    0x00, 0x00, 0x00, 0x00, 0x00, 0x00, 0x00, 0x00, 0x00, 0x00, 0x00, 0x00, 0x00, 0x00, 0x00, 0x00, 0x00, 0x00,
    0x00, 0x1e, 0x00, 0x00, 0x00, 0x00, 0x00, 0x00, 0x00, 0x00, 0x77, 0x80, 0x1f, 0xc3, 0xf9, 0xfc, 0x3f, 0xe0,
    0x00, 0x7f, 0x80, 0x3f, 0xc7, 0xf9, 0xfe, 0x3f, 0xe0, 0x00, 0xdf, 0xc0, 0x7f, 0xcf, 0xf9, 0xff, 0x3f, 0xe0,
    0x01, 0xbf, 0x80, 0x70, 0x0e, 0x39, 0xc7, 0x38, 0x00, 0x01, 0x35, 0x80, 0xe0, 0x1c, 0x73, 0x8e, 0x70, 0x00,
    0x01, 0xbf, 0x80, 0xe0, 0x1c, 0x73, 0x8e, 0x7f, 0x00, 0x01, 0x35, 0x80, 0xe0, 0x1c, 0x73, 0x8e, 0x7f, 0x00,
    0x02, 0x7f, 0x00, 0xe0, 0x1c, 0x73, 0x8e, 0x70, 0x00, 0x02, 0x57, 0x01, 0xc0, 0x38, 0xe7, 0x1c, 0xe0, 0x00,
    0x02, 0xff, 0x01, 0xff, 0x3f, 0xe7, 0xfc, 0xff, 0x80, 0x02, 0x57, 0x00, 0xff, 0x3f, 0xc7, 0xf8, 0xff, 0x80,
    0x04, 0xfe, 0x00, 0x7f, 0x3f, 0x87, 0xf0, 0xff, 0x80, 0x04, 0xd6, 0x00, 0x00, 0x00, 0x00, 0x00, 0x00, 0x00,
    0x04, 0xfe, 0x00, 0x00, 0x00, 0x00, 0x00, 0x00, 0x00, 0x04, 0xd6, 0x01, 0xc7, 0x3f, 0xe7, 0xfc, 0xff, 0x00,
    0x09, 0xfc, 0x01, 0xce, 0x3f, 0xe7, 0xfc, 0xff, 0x80, 0x09, 0x5c, 0x01, 0xdc, 0x3f, 0xe7, 0xfc, 0xe3, 0x80,
    0x09, 0xfc, 0x01, 0xf8, 0x38, 0x07, 0x00, 0xe3, 0x80, 0x09, 0x5c, 0x03, 0xe0, 0x70, 0x0e, 0x01, 0xce, 0x00,
    0x13, 0xf8, 0x03, 0xc0, 0x7f, 0x0f, 0xe1, 0xfc, 0x00, 0x13, 0x58, 0x03, 0xe0, 0x7f, 0x0f, 0xe1, 0xfe, 0x00,
    0x1b, 0xf8, 0x03, 0xf0, 0x70, 0x0e, 0x01, 0xc7, 0x00, 0x13, 0x58, 0x07, 0x70, 0xe0, 0x1c, 0x03, 0x8e, 0x00,
    0x36, 0xb0, 0x07, 0x38, 0xff, 0x9f, 0xf3, 0xfe, 0x00, 0x14, 0x20, 0x07, 0x1c, 0xff, 0x9f, 0xf3, 0xfe, 0x00,
    0x1c, 0xe0, 0x07, 0x1c, 0xff, 0x9f, 0xf3, 0xfc, 0x00, 0x07, 0x80, 0x00, 0x00, 0x00, 0x00, 0x00, 0x00, 0x00,
    0x00, 0x00, 0x00, 0x00, 0x00, 0x00, 0x00, 0x00, 0x00, 0x00, 0x00, 0x00, 0x00, 0x00, 0x00, 0x00, 0x00, 0x00,
    0x00, 0x00, 0x00, 0x00, 0x00, 0x00, 0x00, 0x00, 0x00, 0x00, 0x00, 0x00, 0x00, 0x00, 0x00, 0x00, 0x00, 0x00,
    0x00, 0x00, 0x00, 0x00, 0x00, 0x00, 0x00, 0x00, 0x00, 0x00, 0x00, 0x00, 0x00, 0x00, 0x00, 0x00, 0x00, 0x00,
    0x00, 0x00, 0x00, 0x00, 0x00, 0x00, 0x00, 0x00, 0x00, 0x00, 0x00, 0x00, 0x00, 0x00, 0x00, 0x00, 0x00, 0x00,
    0x00, 0x00, 0x00, 0x00, 0x00, 0x00, 0x00, 0x00, 0x00, 0x00, 0x00, 0x00, 0x00, 0x00, 0x00, 0x00, 0x00, 0x00,
    0x00, 0x00, 0x00, 0x00, 0x00, 0x00, 0x00, 0x00, 0x00, 0x00, 0x00, 0x00, 0x00, 0x00, 0x00, 0x00, 0x00, 0x00,
    0x00, 0x00, 0x00, 0x00, 0x00, 0x00, 0x00, 0x00, 0x00, 0x00, 0x00, 0x00, 0x00, 0x00, 0x00, 0x00, 0x00, 0x00,
    0x00, 0x00, 0x00, 0x00, 0x00, 0x00, 0x00, 0x00, 0x00, 0x00, 0x00, 0x00, 0x00, 0x00, 0x00, 0x00, 0x00, 0x00,
    0x00, 0x00, 0x00, 0x00, 0x00, 0x00, 0x00, 0x00, 0x00, 0x00, 0x00, 0x00, 0x00, 0x00, 0x00, 0x00, 0x00, 0x00,
    0x00, 0x00, 0x00, 0x00, 0x00, 0x00, 0x00, 0x00, 0x00, 0x00, 0x00, 0x00, 0x00, 0x00, 0x00, 0x00, 0x00, 0x00,
};
const lv_img_dsc_t codekeeb_logo_30 = {
    .header.cf = LV_IMG_CF_INDEXED_1BIT,
    .header.always_zero = 0,
    .header.reserved = 0,
    .header.w = 69,
    .header.h = 68,
    .data_size = 620,
    .data = codekeeb_logo_30_map,
};

static const LV_ATTRIBUTE_MEM_ALIGN uint8_t codekeeb_logo_31_map[] = {
#if CONFIG_NICE_OLED_WIDGET_INVERTED
    0x00, 0x00, 0x00, 0xff, 0xff, 0xff, 0xff, 0xff,
#else
    0xff, 0xff, 0xff, 0xff, 0x00, 0x00, 0x00, 0xff,
#endif
    0x00, 0x00, 0x00, 0x00, 0x00, 0x00, 0x00, 0x00, 0x00, 0x00, 0x00, 0x00, 0x00, 0x00, 0x00, 0x00, 0x00, 0x00,
    0x00, 0x00, 0x00, 0x00, 0x00, 0x00, 0x00, 0x00, 0x00, 0x00, 0x00, 0x00, 0x00, 0x00, 0x00, 0x00, 0x00, 0x00,
    0x00, 0x00, 0x00, 0x00, 0x00, 0x00, 0x00, 0x00, 0x00, 0x00, 0x00, 0x00, 0x00, 0x00, 0x00, 0x00, 0x00, 0x00,
    0x00, 0x00, 0x00, 0x00, 0x00, 0x00, 0x00, 0x00, 0x00, 0x00, 0x00, 0x00, 0x00, 0x00, 0x00, 0x00, 0x00, 0x00,
    0x00, 0x00, 0x00, 0x00, 0x00, 0x00, 0x00, 0x00, 0x00, 0x00, 0x00, 0x00, 0x00, 0x00, 0x00, 0x00, 0x00, 0x00,
    0x00, 0x00, 0x00, 0x00, 0x00, 0x00, 0x00, 0x00, 0x00, 0x00, 0x00, 0x00, 0x00, 0x00, 0x00, 0x00, 0x00, 0x00,
    0x00, 0x00, 0x00, 0x00, 0x00, 0x00, 0x00, 0x00, 0x00, 0x00, 0x00, 0x00, 0x00, 0x00, 0x00, 0x00, 0x00, 0x00,
    0x00, 0x00, 0x00, 0x00, 0x00, 0x00, 0x00, 0x00, 0x00, 0x00, 0x00, 0x00, 0x00, 0x00, 0x00, 0x00, 0x00, 0x00,
    0x00, 0x00, 0x00, 0x00, 0x00, 0x00, 0x00, 0x00, 0x00, 0x00, 0x00, 0x00, 0x00, 0x00, 0x00, 0x00, 0x00, 0x00,
    0x00, 0x00, 0x00, 0x00, 0x00, 0x00, 0x00, 0x00, 0x00, 0x00, 0x00, 0x00, 0x00, 0x00, 0x00, 0x00, 0x00, 0x00,
    0x00, 0x1e, 0x00, 0x00, 0x00, 0x00, 0x00, 0x00, 0x00, 0x00, 0x77, 0x80, 0x1f, 0xc3, 0xf9, 0xfc, 0x3f, 0xe0,
    0x00, 0x7f, 0x80, 0x3f, 0xc7, 0xf9, 0xfe, 0x3f, 0xe0, 0x00, 0xff, 0xc0, 0x7f, 0xcf, 0xf9, 0xff, 0x3f, 0xe0,
    0x01, 0xff, 0x80, 0x70, 0x0e, 0x39, 0xc7, 0x38, 0x00, 0x01, 0x57, 0x80, 0xe0, 0x1c, 0x73, 0x8e, 0x70, 0x00,
    0x01, 0xfe, 0x80, 0xe0, 0x1c, 0x73, 0x8e, 0x7f, 0x00, 0x01, 0x57, 0x80, 0xe0, 0x1c, 0x73, 0x8e, 0x7f, 0x00,
    0x02, 0xff, 0x00, 0xe0, 0x1c, 0x73, 0x8e, 0x70, 0x00, 0x02, 0xd5, 0x01, 0xc0, 0x38, 0xe7, 0x1c, 0xe0, 0x00,
    0x02, 0xff, 0x01, 0xff, 0x3f, 0xe7, 0xfc, 0xff, 0x80, 0x02, 0xd5, 0x00, 0xff, 0x3f, 0xc7, 0xf8, 0xff, 0x80,
    0x05, 0xfa, 0x00, 0x7f, 0x3f, 0x87, 0xf0, 0xff, 0x80, 0x05, 0x5e, 0x00, 0x00, 0x00, 0x00, 0x00, 0x00, 0x00,
    0x05, 0xfa, 0x00, 0x00, 0x00, 0x00, 0x00, 0x00, 0x00, 0x05, 0x5e, 0x01, 0xc7, 0x3f, 0xe7, 0xfc, 0xff, 0x00,
    0x0b, 0xfc, 0x01, 0xce, 0x3f, 0xe7, 0xfc, 0xff, 0x80, 0x0b, 0x54, 0x01, 0xdc, 0x3f, 0xe7, 0xfc, 0xe3, 0x80,
    0x0b, 0xfc, 0x01, 0xf8, 0x38, 0x07, 0x00, 0xe3, 0x80, 0x0b, 0x54, 0x03, 0xe0, 0x70, 0x0e, 0x01, 0xce, 0x00,
    0x17, 0xe8, 0x03, 0xc0, 0x7f, 0x0f, 0xe1, 0xfc, 0x00, 0x15, 0x78, 0x03, 0xe0, 0x7f, 0x0f, 0xe1, 0xfe, 0x00,
    0x1f, 0xe8, 0x03, 0xf0, 0x70, 0x0e, 0x01, 0xc7, 0x00, 0x15, 0x78, 0x07, 0x70, 0xe0, 0x1c, 0x03, 0x8e, 0x00,
    0x3a, 0xf0, 0x07, 0x38, 0xff, 0x9f, 0xf3, 0xfe, 0x00, 0x18, 0x60, 0x07, 0x1c, 0xff, 0x9f, 0xf3, 0xfe, 0x00,
    0x1c, 0xe0, 0x07, 0x1c, 0xff, 0x9f, 0xf3, 0xfc, 0x00, 0x07, 0x80, 0x00, 0x00, 0x00, 0x00, 0x00, 0x00, 0x00,
    0x00, 0x00, 0x00, 0x00, 0x00, 0x00, 0x00, 0x00, 0x00, 0x00, 0x00, 0x00, 0x00, 0x00, 0x00, 0x00, 0x00, 0x00,
    0x00, 0x00, 0x00, 0x00, 0x00, 0x00, 0x00, 0x00, 0x00, 0x00, 0x00, 0x00, 0x00, 0x00, 0x00, 0x00, 0x00, 0x00,
    0x00, 0x00, 0x00, 0x00, 0x00, 0x00, 0x00, 0x00, 0x00, 0x00, 0x00, 0x00, 0x00, 0x00, 0x00, 0x00, 0x00, 0x00,
    0x00, 0x00, 0x00, 0x00, 0x00, 0x00, 0x00, 0x00, 0x00, 0x00, 0x00, 0x00, 0x00, 0x00, 0x00, 0x00, 0x00, 0x00,
    0x00, 0x00, 0x00, 0x00, 0x00, 0x00, 0x00, 0x00, 0x00, 0x00, 0x00, 0x00, 0x00, 0x00, 0x00, 0x00, 0x00, 0x00,
    0x00, 0x00, 0x00, 0x00, 0x00, 0x00, 0x00, 0x00, 0x00, 0x00, 0x00, 0x00, 0x00, 0x00, 0x00, 0x00, 0x00, 0x00,
    0x00, 0x00, 0x00, 0x00, 0x00, 0x00, 0x00, 0x00, 0x00, 0x00, 0x00, 0x00, 0x00, 0x00, 0x00, 0x00, 0x00, 0x00,
    0x00, 0x00, 0x00, 0x00, 0x00, 0x00, 0x00, 0x00, 0x00, 0x00, 0x00, 0x00, 0x00, 0x00, 0x00, 0x00, 0x00, 0x00,
    0x00, 0x00, 0x00, 0x00, 0x00, 0x00, 0x00, 0x00, 0x00, 0x00, 0x00, 0x00, 0x00, 0x00, 0x00, 0x00, 0x00, 0x00,
    0x00, 0x00, 0x00, 0x00, 0x00, 0x00, 0x00, 0x00, 0x00, 0x00, 0x00, 0x00, 0x00, 0x00, 0x00, 0x00, 0x00, 0x00,
};
const lv_img_dsc_t codekeeb_logo_31 = {
    .header.cf = LV_IMG_CF_INDEXED_1BIT,
    .header.always_zero = 0,
    .header.reserved = 0,
    .header.w = 69,
    .header.h = 68,
    .data_size = 620,
    .data = codekeeb_logo_31_map,
};

static const LV_ATTRIBUTE_MEM_ALIGN uint8_t codekeeb_logo_32_map[] = {
#if CONFIG_NICE_OLED_WIDGET_INVERTED
    0x00, 0x00, 0x00, 0xff, 0xff, 0xff, 0xff, 0xff,
#else
    0xff, 0xff, 0xff, 0xff, 0x00, 0x00, 0x00, 0xff,
#endif
    0x00, 0x00, 0x00, 0x00, 0x00, 0x00, 0x00, 0x00, 0x00, 0x00, 0x00, 0x00, 0x00, 0x00, 0x00, 0x00, 0x00, 0x00,
    0x00, 0x00, 0x00, 0x00, 0x00, 0x00, 0x00, 0x00, 0x00, 0x00, 0x00, 0x00, 0x00, 0x00, 0x00, 0x00, 0x00, 0x00,
    0x00, 0x00, 0x00, 0x00, 0x00, 0x00, 0x00, 0x00, 0x00, 0x00, 0x00, 0x00, 0x00, 0x00, 0x00, 0x00, 0x00, 0x00,
    0x00, 0x00, 0x00, 0x00, 0x00, 0x00, 0x00, 0x00, 0x00, 0x00, 0x00, 0x00, 0x00, 0x00, 0x00, 0x00, 0x00, 0x00,
    0x00, 0x00, 0x00, 0x00, 0x00, 0x00, 0x00, 0x00, 0x00, 0x00, 0x00, 0x00, 0x00, 0x00, 0x00, 0x00, 0x00, 0x00,
    0x00, 0x00, 0x00, 0x00, 0x00, 0x00, 0x00, 0x00, 0x00, 0x00, 0x00, 0x00, 0x00, 0x00, 0x00, 0x00, 0x00, 0x00,
    0x00, 0x00, 0x00, 0x00, 0x00, 0x00, 0x00, 0x00, 0x00, 0x00, 0x00, 0x00, 0x00, 0x00, 0x00, 0x00, 0x00, 0x00,
    0x00, 0x00, 0x00, 0x00, 0x00, 0x00, 0x00, 0x00, 0x00, 0x00, 0x00, 0x00, 0x00, 0x00, 0x00, 0x00, 0x00, 0x00,
    0x00, 0x00, 0x00, 0x00, 0x00, 0x00, 0x00, 0x00, 0x00, 0x00, 0x00, 0x00, 0x00, 0x00, 0x00, 0x00, 0x00, 0x00,
    0x00, 0x00, 0x00, 0x00, 0x00, 0x00, 0x00, 0x00, 0x00, 0x00, 0x00, 0x00, 0x00, 0x00, 0x00, 0x00, 0x00, 0x00,
    0x00, 0x1e, 0x00, 0x00, 0x00, 0x00, 0x00, 0x00, 0x00, 0x00, 0x77, 0x80, 0x1f, 0xc3, 0xf9, 0xfc, 0x3f, 0xe0,
    0x00, 0x7f, 0x80, 0x3f, 0xc7, 0xf9, 0xfe, 0x3f, 0xe0, 0x00, 0xff, 0xc0, 0x7f, 0xcf, 0xf9, 0xff, 0x3f, 0xe0,
    0x01, 0x7f, 0x80, 0x70, 0x0e, 0x39, 0xc7, 0x38, 0x00, 0x01, 0x57, 0x80, 0xe0, 0x1c, 0x73, 0x8e, 0x70, 0x00,
    0x01, 0xfe, 0x80, 0xe0, 0x1c, 0x73, 0x8e, 0x7f, 0x00, 0x01, 0x57, 0x80, 0xe0, 0x1c, 0x73, 0x8e, 0x7f, 0x00,
    0x02, 0xff, 0x00, 0xe0, 0x1c, 0x73, 0x8e, 0x70, 0x00, 0x02, 0xd5, 0x01, 0xc0, 0x38, 0xe7, 0x1c, 0xe0, 0x00,
    0x02, 0xff, 0x01, 0xff, 0x3f, 0xe7, 0xfc, 0xff, 0x80, 0x02, 0xd5, 0x00, 0xff, 0x3f, 0xc7, 0xf8, 0xff, 0x80,
    0x05, 0xfa, 0x00, 0x7f, 0x3f, 0x87, 0xf0, 0xff, 0x80, 0x05, 0x5e, 0x00, 0x00, 0x00, 0x00, 0x00, 0x00, 0x00,
    0x05, 0xfa, 0x00, 0x00, 0x00, 0x00, 0x00, 0x00, 0x00, 0x05, 0x5e, 0x01, 0xc7, 0x3f, 0xe7, 0xfc, 0xff, 0x00,
    0x0b, 0xfc, 0x01, 0xce, 0x3f, 0xe7, 0xfc, 0xff, 0x80, 0x0b, 0x54, 0x01, 0xdc, 0x3f, 0xe7, 0xfc, 0xe3, 0x80,
    0x0b, 0xfc, 0x01, 0xf8, 0x38, 0x07, 0x00, 0xe3, 0x80, 0x0b, 0x54, 0x03, 0xe0, 0x70, 0x0e, 0x01, 0xce, 0x00,
    0x17, 0xe8, 0x03, 0xc0, 0x7f, 0x0f, 0xe1, 0xfc, 0x00, 0x15, 0x78, 0x03, 0xe0, 0x7f, 0x0f, 0xe1, 0xfe, 0x00,
    0x1f, 0xe8, 0x03, 0xf0, 0x70, 0x0e, 0x01, 0xc7, 0x00, 0x15, 0x78, 0x07, 0x70, 0xe0, 0x1c, 0x03, 0x8e, 0x00,
    0x3a, 0xf0, 0x07, 0x38, 0xff, 0x9f, 0xf3, 0xfe, 0x00, 0x18, 0x60, 0x07, 0x1c, 0xff, 0x9f, 0xf3, 0xfe, 0x00,
    0x1c, 0xe0, 0x07, 0x1c, 0xff, 0x9f, 0xf3, 0xfc, 0x00, 0x07, 0x80, 0x00, 0x00, 0x00, 0x00, 0x00, 0x00, 0x00,
    0x00, 0x00, 0x00, 0x00, 0x00, 0x00, 0x00, 0x00, 0x00, 0x00, 0x00, 0x00, 0x00, 0x00, 0x00, 0x00, 0x00, 0x00,
    0x00, 0x00, 0x00, 0x00, 0x00, 0x00, 0x00, 0x00, 0x00, 0x00, 0x00, 0x00, 0x00, 0x00, 0x00, 0x00, 0x00, 0x00,
    0x00, 0x00, 0x00, 0x00, 0x00, 0x00, 0x00, 0x00, 0x00, 0x00, 0x00, 0x00, 0x00, 0x00, 0x00, 0x00, 0x00, 0x00,
    0x00, 0x00, 0x00, 0x00, 0x00, 0x00, 0x00, 0x00, 0x00, 0x00, 0x00, 0x00, 0x00, 0x00, 0x00, 0x00, 0x00, 0x00,
    0x00, 0x00, 0x00, 0x00, 0x00, 0x00, 0x00, 0x00, 0x00, 0x00, 0x00, 0x00, 0x00, 0x00, 0x00, 0x00, 0x00, 0x00,
    0x00, 0x00, 0x00, 0x00, 0x00, 0x00, 0x00, 0x00, 0x00, 0x00, 0x00, 0x00, 0x00, 0x00, 0x00, 0x00, 0x00, 0x00,
    0x00, 0x00, 0x00, 0x00, 0x00, 0x00, 0x00, 0x00, 0x00, 0x00, 0x00, 0x00, 0x00, 0x00, 0x00, 0x00, 0x00, 0x00,
    0x00, 0x00, 0x00, 0x00, 0x00, 0x00, 0x00, 0x00, 0x00, 0x00, 0x00, 0x00, 0x00, 0x00, 0x00, 0x00, 0x00, 0x00,
    0x00, 0x00, 0x00, 0x00, 0x00, 0x00, 0x00, 0x00, 0x00, 0x00, 0x00, 0x00, 0x00, 0x00, 0x00, 0x00, 0x00, 0x00,
    0x00, 0x00, 0x00, 0x00, 0x00, 0x00, 0x00, 0x00, 0x00, 0x00, 0x00, 0x00, 0x00, 0x00, 0x00, 0x00, 0x00, 0x00,
};
const lv_img_dsc_t codekeeb_logo_32 = {
    .header.cf = LV_IMG_CF_INDEXED_1BIT,
    .header.always_zero = 0,
    .header.reserved = 0,
    .header.w = 69,
    .header.h = 68,
    .data_size = 620,
    .data = codekeeb_logo_32_map,
};

static const LV_ATTRIBUTE_MEM_ALIGN uint8_t codekeeb_logo_33_map[] = {
#if CONFIG_NICE_OLED_WIDGET_INVERTED
    0x00, 0x00, 0x00, 0xff, 0xff, 0xff, 0xff, 0xff,
#else
    0xff, 0xff, 0xff, 0xff, 0x00, 0x00, 0x00, 0xff,
#endif
    0x00, 0x00, 0x00, 0x00, 0x00, 0x00, 0x00, 0x00, 0x00, 0x00, 0x00, 0x00, 0x00, 0x00, 0x00, 0x00, 0x00, 0x00,
    0x00, 0x00, 0x00, 0x00, 0x00, 0x00, 0x00, 0x00, 0x00, 0x00, 0x00, 0x00, 0x00, 0x00, 0x00, 0x00, 0x00, 0x00,
    0x00, 0x00, 0x00, 0x00, 0x00, 0x00, 0x00, 0x00, 0x00, 0x00, 0x00, 0x00, 0x00, 0x00, 0x00, 0x00, 0x00, 0x00,
    0x00, 0x00, 0x00, 0x00, 0x00, 0x00, 0x00, 0x00, 0x00, 0x00, 0x00, 0x00, 0x00, 0x00, 0x00, 0x00, 0x00, 0x00,
    0x00, 0x00, 0x00, 0x00, 0x00, 0x00, 0x00, 0x00, 0x00, 0x00, 0x00, 0x00, 0x00, 0x00, 0x00, 0x00, 0x00, 0x00,
    0x00, 0x00, 0x00, 0x00, 0x00, 0x00, 0x00, 0x00, 0x00, 0x00, 0x00, 0x00, 0x00, 0x00, 0x00, 0x00, 0x00, 0x00,
    0x00, 0x00, 0x00, 0x00, 0x00, 0x00, 0x00, 0x00, 0x00, 0x00, 0x00, 0x00, 0x00, 0x00, 0x00, 0x00, 0x00, 0x00,
    0x00, 0x00, 0x00, 0x00, 0x00, 0x00, 0x00, 0x00, 0x00, 0x00, 0x00, 0x00, 0x00, 0x00, 0x00, 0x00, 0x00, 0x00,
    0x00, 0x00, 0x00, 0x00, 0x00, 0x00, 0x00, 0x00, 0x00, 0x00, 0x00, 0x00, 0x00, 0x00, 0x00, 0x00, 0x00, 0x00,
    0x00, 0x00, 0x00, 0x00, 0x00, 0x00, 0x00, 0x00, 0x00, 0x00, 0x00, 0x00, 0x00, 0x00, 0x00, 0x00, 0x00, 0x00,
    0x00, 0x1e, 0x00, 0x00, 0x00, 0x00, 0x00, 0x00, 0x00, 0x00, 0x77, 0x80, 0x1f, 0xc3, 0xf9, 0xfc, 0x3f, 0xe0,
    0x00, 0x7f, 0x80, 0x3f, 0xc7, 0xf9, 0xfe, 0x3f, 0xe0, 0x00, 0xff, 0xc0, 0x7f, 0xcf, 0xf9, 0xff, 0x3f, 0xe0,
    0x01, 0x7f, 0x80, 0x70, 0x0e, 0x39, 0xc7, 0x38, 0x00, 0x01, 0x57, 0x80, 0xe0, 0x1c, 0x73, 0x8e, 0x70, 0x00,
    0x01, 0xfe, 0x80, 0xe0, 0x1c, 0x73, 0x8e, 0x7f, 0x00, 0x01, 0x57, 0x80, 0xe0, 0x1c, 0x73, 0x8e, 0x7f, 0x00,
    0x02, 0xff, 0x00, 0xe0, 0x1c, 0x73, 0x8e, 0x70, 0x00, 0x02, 0xd5, 0x01, 0xc0, 0x38, 0xe7, 0x1c, 0xe0, 0x00,
    0x02, 0xff, 0x01, 0xff, 0x3f, 0xe7, 0xfc, 0xff, 0x80, 0x02, 0xd5, 0x00, 0xff, 0x3f, 0xc7, 0xf8, 0xff, 0x80,
    0x05, 0xfa, 0x00, 0x7f, 0x3f, 0x87, 0xf0, 0xff, 0x80, 0x05, 0x5e, 0x00, 0x00, 0x00, 0x00, 0x00, 0x00, 0x00,
    0x05, 0xfa, 0x00, 0x00, 0x00, 0x00, 0x00, 0x00, 0x00, 0x05, 0x5e, 0x01, 0xc7, 0x3f, 0xe7, 0xfc, 0xff, 0x00,
    0x0b, 0xfc, 0x01, 0xce, 0x3f, 0xe7, 0xfc, 0xff, 0x80, 0x0b, 0x54, 0x01, 0xdc, 0x3f, 0xe7, 0xfc, 0xe3, 0x80,
    0x0b, 0xfc, 0x01, 0xf8, 0x38, 0x07, 0x00, 0xe3, 0x80, 0x0b, 0x54, 0x03, 0xe0, 0x70, 0x0e, 0x01, 0xce, 0x00,
    0x17, 0xe8, 0x03, 0xc0, 0x7f, 0x0f, 0xe1, 0xfc, 0x00, 0x15, 0x78, 0x03, 0xe0, 0x7f, 0x0f, 0xe1, 0xfe, 0x00,
    0x1f, 0xe8, 0x03, 0xf0, 0x70, 0x0e, 0x01, 0xc7, 0x00, 0x15, 0x78, 0x07, 0x70, 0xe0, 0x1c, 0x03, 0x8e, 0x00,
    0x3a, 0xf0, 0x07, 0x38, 0xff, 0x9f, 0xf3, 0xfe, 0x00, 0x18, 0x60, 0x07, 0x1c, 0xff, 0x9f, 0xf3, 0xfe, 0x00,
    0x1c, 0xe0, 0x07, 0x1c, 0xff, 0x9f, 0xf3, 0xfc, 0x00, 0x07, 0x80, 0x00, 0x00, 0x00, 0x00, 0x00, 0x00, 0x00,
    0x00, 0x00, 0x00, 0x00, 0x00, 0x00, 0x00, 0x00, 0x00, 0x00, 0x00, 0x00, 0x00, 0x00, 0x00, 0x00, 0x00, 0x00,
    0x00, 0x00, 0x00, 0x00, 0x00, 0x00, 0x00, 0x00, 0x00, 0x00, 0x00, 0x00, 0x00, 0x00, 0x00, 0x00, 0x00, 0x00,
    0x00, 0x00, 0x00, 0x00, 0x00, 0x00, 0x00, 0x00, 0x00, 0x00, 0x00, 0x00, 0x00, 0x00, 0x00, 0x00, 0x00, 0x00,
    0x00, 0x00, 0x00, 0x00, 0x00, 0x00, 0x00, 0x00, 0x00, 0x00, 0x00, 0x00, 0x00, 0x00, 0x00, 0x00, 0x00, 0x00,
    0x00, 0x00, 0x00, 0x00, 0x00, 0x00, 0x00, 0x00, 0x00, 0x00, 0x00, 0x00, 0x00, 0x00, 0x00, 0x00, 0x00, 0x00,
    0x00, 0x00, 0x00, 0x00, 0x00, 0x00, 0x00, 0x00, 0x00, 0x00, 0x00, 0x00, 0x00, 0x00, 0x00, 0x00, 0x00, 0x00,
    0x00, 0x00, 0x00, 0x00, 0x00, 0x00, 0x00, 0x00, 0x00, 0x00, 0x00, 0x00, 0x00, 0x00, 0x00, 0x00, 0x00, 0x00,
    0x00, 0x00, 0x00, 0x00, 0x00, 0x00, 0x00, 0x00, 0x00, 0x00, 0x00, 0x00, 0x00, 0x00, 0x00, 0x00, 0x00, 0x00,
    0x00, 0x00, 0x00, 0x00, 0x00, 0x00, 0x00, 0x00, 0x00, 0x00, 0x00, 0x00, 0x00, 0x00, 0x00, 0x00, 0x00, 0x00,
    0x00, 0x00, 0x00, 0x00, 0x00, 0x00, 0x00, 0x00, 0x00, 0x00, 0x00, 0x00, 0x00, 0x00, 0x00, 0x00, 0x00, 0x00,
};
const lv_img_dsc_t codekeeb_logo_33 = {
    .header.cf = LV_IMG_CF_INDEXED_1BIT,
    .header.always_zero = 0,
    .header.reserved = 0,
    .header.w = 69,
    .header.h = 68,
    .data_size = 620,
    .data = codekeeb_logo_33_map,
};

static const LV_ATTRIBUTE_MEM_ALIGN uint8_t codekeeb_logo_34_map[] = {
#if CONFIG_NICE_OLED_WIDGET_INVERTED
    0x00, 0x00, 0x00, 0xff, 0xff, 0xff, 0xff, 0xff,
#else
    0xff, 0xff, 0xff, 0xff, 0x00, 0x00, 0x00, 0xff,
#endif
    0x00, 0x00, 0x00, 0x00, 0x00, 0x00, 0x00, 0x00, 0x00, 0x00, 0x00, 0x00, 0x00, 0x00, 0x00, 0x00, 0x00, 0x00,
    0x00, 0x00, 0x00, 0x00, 0x00, 0x00, 0x00, 0x00, 0x00, 0x00, 0x00, 0x00, 0x00, 0x00, 0x00, 0x00, 0x00, 0x00,
    0x00, 0x00, 0x00, 0x00, 0x00, 0x00, 0x00, 0x00, 0x00, 0x00, 0x00, 0x00, 0x00, 0x00, 0x00, 0x00, 0x00, 0x00,
    0x00, 0x00, 0x00, 0x00, 0x00, 0x00, 0x00, 0x00, 0x00, 0x00, 0x00, 0x00, 0x00, 0x00, 0x00, 0x00, 0x00, 0x00,
    0x00, 0x00, 0x00, 0x00, 0x00, 0x00, 0x00, 0x00, 0x00, 0x00, 0x00, 0x00, 0x00, 0x00, 0x00, 0x00, 0x00, 0x00,
    0x00, 0x00, 0x00, 0x00, 0x00, 0x00, 0x00, 0x00, 0x00, 0x00, 0x00, 0x00, 0x00, 0x00, 0x00, 0x00, 0x00, 0x00,
    0x00, 0x00, 0x00, 0x00, 0x00, 0x00, 0x00, 0x00, 0x00, 0x00, 0x00, 0x00, 0x00, 0x00, 0x00, 0x00, 0x00, 0x00,
    0x00, 0x00, 0x00, 0x00, 0x00, 0x00, 0x00, 0x00, 0x00, 0x00, 0x00, 0x00, 0x00, 0x00, 0x00, 0x00, 0x00, 0x00,
    0x00, 0x00, 0x00, 0x00, 0x00, 0x00, 0x00, 0x00, 0x00, 0x00, 0x00, 0x00, 0x00, 0x00, 0x00, 0x00, 0x00, 0x00,
    0x00, 0x00, 0x00, 0x00, 0x00, 0x00, 0x00, 0x00, 0x00, 0x00, 0x00, 0x00, 0x00, 0x00, 0x00, 0x00, 0x00, 0x00,
    0x00, 0x1e, 0x00, 0x00, 0x00, 0x00, 0x00, 0x00, 0x00, 0x00, 0x77, 0x80, 0x1f, 0xc3, 0xf9, 0xfc, 0x3f, 0xe0,
    0x00, 0x7f, 0x80, 0x3f, 0xc7, 0xf9, 0xfe, 0x3f, 0xe0, 0x00, 0xf5, 0xc0, 0x7f, 0xcf, 0xf9, 0xff, 0x3f, 0xe0,
    0x01, 0x7f, 0x80, 0x70, 0x0e, 0x39, 0xc7, 0x38, 0x00, 0x01, 0x57, 0x80, 0xe0, 0x1c, 0x73, 0x8e, 0x70, 0x00,
    0x01, 0xff, 0x80, 0xe0, 0x1c, 0x73, 0x8e, 0x7f, 0x00, 0x01, 0x57, 0x80, 0xe0, 0x1c, 0x73, 0x8e, 0x7f, 0x00,
    0x02, 0xff, 0x00, 0xe0, 0x1c, 0x73, 0x8e, 0x70, 0x00, 0x02, 0xd5, 0x01, 0xc0, 0x38, 0xe7, 0x1c, 0xe0, 0x00,
    0x02, 0xff, 0x01, 0xff, 0x3f, 0xe7, 0xfc, 0xff, 0x80, 0x02, 0xd5, 0x00, 0xff, 0x3f, 0xc7, 0xf8, 0xff, 0x80,
    0x05, 0xfe, 0x00, 0x7f, 0x3f, 0x87, 0xf0, 0xff, 0x80, 0x05, 0x5e, 0x00, 0x00, 0x00, 0x00, 0x00, 0x00, 0x00,
    0x05, 0xfe, 0x00, 0x00, 0x00, 0x00, 0x00, 0x00, 0x00, 0x05, 0x5e, 0x01, 0xc7, 0x3f, 0xe7, 0xfc, 0xff, 0x00,
    0x0b, 0xfc, 0x01, 0xce, 0x3f, 0xe7, 0xfc, 0xff, 0x80, 0x0b, 0x54, 0x01, 0xdc, 0x3f, 0xe7, 0xfc, 0xe3, 0x80,
    0x0b, 0xfc, 0x01, 0xf8, 0x38, 0x07, 0x00, 0xe3, 0x80, 0x0b, 0x54, 0x03, 0xe0, 0x70, 0x0e, 0x01, 0xce, 0x00,
    0x17, 0xf8, 0x03, 0xc0, 0x7f, 0x0f, 0xe1, 0xfc, 0x00, 0x15, 0x78, 0x03, 0xe0, 0x7f, 0x0f, 0xe1, 0xfe, 0x00,
    0x1f, 0xf8, 0x03, 0xf0, 0x70, 0x0e, 0x01, 0xc7, 0x00, 0x15, 0x78, 0x07, 0x70, 0xe0, 0x1c, 0x03, 0x8e, 0x00,
    0x3a, 0xf0, 0x07, 0x38, 0xff, 0x9f, 0xf3, 0xfe, 0x00, 0x18, 0x60, 0x07, 0x1c, 0xff, 0x9f, 0xf3, 0xfe, 0x00,
    0x1c, 0xe0, 0x07, 0x1c, 0xff, 0x9f, 0xf3, 0xfc, 0x00, 0x07, 0x80, 0x00, 0x00, 0x00, 0x00, 0x00, 0x00, 0x00,
    0x00, 0x00, 0x00, 0x00, 0x00, 0x00, 0x00, 0x00, 0x00, 0x00, 0x00, 0x00, 0x00, 0x00, 0x00, 0x00, 0x00, 0x00,
    0x00, 0x00, 0x00, 0x00, 0x00, 0x00, 0x00, 0x00, 0x00, 0x00, 0x00, 0x00, 0x00, 0x00, 0x00, 0x00, 0x00, 0x00,
    0x00, 0x00, 0x00, 0x00, 0x00, 0x00, 0x00, 0x00, 0x00, 0x00, 0x00, 0x00, 0x00, 0x00, 0x00, 0x00, 0x00, 0x00,
    0x00, 0x00, 0x00, 0x00, 0x00, 0x00, 0x00, 0x00, 0x00, 0x00, 0x00, 0x00, 0x00, 0x00, 0x00, 0x00, 0x00, 0x00,
    0x00, 0x00, 0x00, 0x00, 0x00, 0x00, 0x00, 0x00, 0x00, 0x00, 0x00, 0x00, 0x00, 0x00, 0x00, 0x00, 0x00, 0x00,
    0x00, 0x00, 0x00, 0x00, 0x00, 0x00, 0x00, 0x00, 0x00, 0x00, 0x00, 0x00, 0x00, 0x00, 0x00, 0x00, 0x00, 0x00,
    0x00, 0x00, 0x00, 0x00, 0x00, 0x00, 0x00, 0x00, 0x00, 0x00, 0x00, 0x00, 0x00, 0x00, 0x00, 0x00, 0x00, 0x00,
    0x00, 0x00, 0x00, 0x00, 0x00, 0x00, 0x00, 0x00, 0x00, 0x00, 0x00, 0x00, 0x00, 0x00, 0x00, 0x00, 0x00, 0x00,
    0x00, 0x00, 0x00, 0x00, 0x00, 0x00, 0x00, 0x00, 0x00, 0x00, 0x00, 0x00, 0x00, 0x00, 0x00, 0x00, 0x00, 0x00,
    0x00, 0x00, 0x00, 0x00, 0x00, 0x00, 0x00, 0x00, 0x00, 0x00, 0x00, 0x00, 0x00, 0x00, 0x00, 0x00, 0x00, 0x00,
};
const lv_img_dsc_t codekeeb_logo_34 = {
    .header.cf = LV_IMG_CF_INDEXED_1BIT,
    .header.always_zero = 0,
    .header.reserved = 0,
    .header.w = 69,
    .header.h = 68,
    .data_size = 620,
    .data = codekeeb_logo_34_map,
};

static const LV_ATTRIBUTE_MEM_ALIGN uint8_t codekeeb_logo_35_map[] = {
#if CONFIG_NICE_OLED_WIDGET_INVERTED
    0x00, 0x00, 0x00, 0xff, 0xff, 0xff, 0xff, 0xff,
#else
    0xff, 0xff, 0xff, 0xff, 0x00, 0x00, 0x00, 0xff,
#endif
    0x00, 0x00, 0x00, 0x00, 0x00, 0x00, 0x00, 0x00, 0x00, 0x00, 0x00, 0x00, 0x00, 0x00, 0x00, 0x00, 0x00, 0x00,
    0x00, 0x00, 0x00, 0x00, 0x00, 0x00, 0x00, 0x00, 0x00, 0x00, 0x00, 0x00, 0x00, 0x00, 0x00, 0x00, 0x00, 0x00,
    0x00, 0x00, 0x00, 0x00, 0x00, 0x00, 0x00, 0x00, 0x00, 0x00, 0x00, 0x00, 0x00, 0x00, 0x00, 0x00, 0x00, 0x00,
    0x00, 0x00, 0x00, 0x00, 0x00, 0x00, 0x00, 0x00, 0x00, 0x00, 0x00, 0x00, 0x00, 0x00, 0x00, 0x00, 0x00, 0x00,
    0x00, 0x00, 0x00, 0x00, 0x00, 0x00, 0x00, 0x00, 0x00, 0x00, 0x00, 0x00, 0x00, 0x00, 0x00, 0x00, 0x00, 0x00,
    0x00, 0x00, 0x00, 0x00, 0x00, 0x00, 0x00, 0x00, 0x00, 0x00, 0x00, 0x00, 0x00, 0x00, 0x00, 0x00, 0x00, 0x00,
    0x00, 0x00, 0x00, 0x00, 0x00, 0x00, 0x00, 0x00, 0x00, 0x00, 0x00, 0x00, 0x00, 0x00, 0x00, 0x00, 0x00, 0x00,
    0x00, 0x00, 0x00, 0x00, 0x00, 0x00, 0x00, 0x00, 0x00, 0x00, 0x00, 0x00, 0x00, 0x00, 0x00, 0x00, 0x00, 0x00,
    0x00, 0x00, 0x00, 0x00, 0x00, 0x00, 0x00, 0x00, 0x00, 0x00, 0x00, 0x00, 0x00, 0x00, 0x00, 0x00, 0x00, 0x00,
    0x00, 0x00, 0x00, 0x00, 0x00, 0x00, 0x00, 0x00, 0x00, 0x00, 0x00, 0x00, 0x00, 0x00, 0x00, 0x00, 0x00, 0x00,
    0x00, 0x1e, 0x00, 0x00, 0x00, 0x00, 0x00, 0x00, 0x00, 0x00, 0x77, 0x80, 0x1f, 0xc3, 0xf9, 0xfc, 0x3f, 0xe0,
    0x00, 0x7f, 0x80, 0x3f, 0xc7, 0xf9, 0xfe, 0x3f, 0xe0, 0x00, 0xf5, 0xc0, 0x7f, 0xcf, 0xf9, 0xff, 0x3f, 0xe0,
    0x01, 0x7f, 0x80, 0x70, 0x0e, 0x39, 0xc7, 0x38, 0x00, 0x01, 0x57, 0x80, 0xe0, 0x1c, 0x73, 0x8e, 0x70, 0x00,
    0x01, 0x7f, 0x80, 0xe0, 0x1c, 0x73, 0x8e, 0x7f, 0x00, 0x01, 0x57, 0x80, 0xe0, 0x1c, 0x73, 0x8e, 0x7f, 0x00,
    0x02, 0xff, 0x00, 0xe0, 0x1c, 0x73, 0x8e, 0x70, 0x00, 0x02, 0xd5, 0x01, 0xc0, 0x38, 0xe7, 0x1c, 0xe0, 0x00,
    0x02, 0xff, 0x01, 0xff, 0x3f, 0xe7, 0xfc, 0xff, 0x80, 0x02, 0xd5, 0x00, 0xff, 0x3f, 0xc7, 0xf8, 0xff, 0x80,
    0x05, 0xfe, 0x00, 0x7f, 0x3f, 0x87, 0xf0, 0xff, 0x80, 0x05, 0x5e, 0x00, 0x00, 0x00, 0x00, 0x00, 0x00, 0x00,
    0x05, 0xfe, 0x00, 0x00, 0x00, 0x00, 0x00, 0x00, 0x00, 0x05, 0x5e, 0x01, 0xc7, 0x3f, 0xe7, 0xfc, 0xff, 0x00,
    0x0b, 0xfc, 0x01, 0xce, 0x3f, 0xe7, 0xfc, 0xff, 0x80, 0x0b, 0x54, 0x01, 0xdc, 0x3f, 0xe7, 0xfc, 0xe3, 0x80,
    0x0b, 0xfc, 0x01, 0xf8, 0x38, 0x07, 0x00, 0xe3, 0x80, 0x0b, 0x54, 0x03, 0xe0, 0x70, 0x0e, 0x01, 0xce, 0x00,
    0x17, 0xf8, 0x03, 0xc0, 0x7f, 0x0f, 0xe1, 0xfc, 0x00, 0x15, 0x78, 0x03, 0xe0, 0x7f, 0x0f, 0xe1, 0xfe, 0x00,
    0x17, 0xf8, 0x03, 0xf0, 0x70, 0x0e, 0x01, 0xc7, 0x00, 0x15, 0x78, 0x07, 0x70, 0xe0, 0x1c, 0x03, 0x8e, 0x00,
    0x3a, 0xf0, 0x07, 0x38, 0xff, 0x9f, 0xf3, 0xfe, 0x00, 0x18, 0x60, 0x07, 0x1c, 0xff, 0x9f, 0xf3, 0xfe, 0x00,
    0x1c, 0xe0, 0x03, 0x1c, 0xff, 0x9f, 0xf3, 0xfc, 0x00, 0x07, 0x80, 0x00, 0x00, 0x00, 0x00, 0x00, 0x00, 0x00,
    0x00, 0x00, 0x00, 0x00, 0x00, 0x00, 0x00, 0x00, 0x00, 0x00, 0x00, 0x00, 0x00, 0x00, 0x00, 0x00, 0x00, 0x00,
    0x00, 0x00, 0x00, 0x00, 0x00, 0x00, 0x00, 0x00, 0x00, 0x00, 0x00, 0x00, 0x00, 0x00, 0x00, 0x00, 0x00, 0x00,
    0x00, 0x00, 0x00, 0x00, 0x00, 0x00, 0x00, 0x00, 0x00, 0x00, 0x00, 0x00, 0x00, 0x00, 0x00, 0x00, 0x00, 0x00,
    0x00, 0x00, 0x00, 0x00, 0x00, 0x00, 0x00, 0x00, 0x00, 0x00, 0x00, 0x00, 0x00, 0x00, 0x00, 0x00, 0x00, 0x00,
    0x00, 0x00, 0x00, 0x00, 0x00, 0x00, 0x00, 0x00, 0x00, 0x00, 0x00, 0x00, 0x00, 0x00, 0x00, 0x00, 0x00, 0x00,
    0x00, 0x00, 0x00, 0x00, 0x00, 0x00, 0x00, 0x00, 0x00, 0x00, 0x00, 0x00, 0x00, 0x00, 0x00, 0x00, 0x00, 0x00,
    0x00, 0x00, 0x00, 0x00, 0x00, 0x00, 0x00, 0x00, 0x00, 0x00, 0x00, 0x00, 0x00, 0x00, 0x00, 0x00, 0x00, 0x00,
    0x00, 0x00, 0x00, 0x00, 0x00, 0x00, 0x00, 0x00, 0x00, 0x00, 0x00, 0x00, 0x00, 0x00, 0x00, 0x00, 0x00, 0x00,
    0x00, 0x00, 0x00, 0x00, 0x00, 0x00, 0x00, 0x00, 0x00, 0x00, 0x00, 0x00, 0x00, 0x00, 0x00, 0x00, 0x00, 0x00,
    0x00, 0x00, 0x00, 0x00, 0x00, 0x00, 0x00, 0x00, 0x00, 0x00, 0x00, 0x00, 0x00, 0x00, 0x00, 0x00, 0x00, 0x00,
};
const lv_img_dsc_t codekeeb_logo_35 = {
    .header.cf = LV_IMG_CF_INDEXED_1BIT,
    .header.always_zero = 0,
    .header.reserved = 0,
    .header.w = 69,
    .header.h = 68,
    .data_size = 620,
    .data = codekeeb_logo_35_map,
};

static const LV_ATTRIBUTE_MEM_ALIGN uint8_t codekeeb_logo_36_map[] = {
#if CONFIG_NICE_OLED_WIDGET_INVERTED
    0x00, 0x00, 0x00, 0xff, 0xff, 0xff, 0xff, 0xff,
#else
    0xff, 0xff, 0xff, 0xff, 0x00, 0x00, 0x00, 0xff,
#endif
    0x00, 0x00, 0x00, 0x00, 0x00, 0x00, 0x00, 0x00, 0x00, 0x00, 0x00, 0x00, 0x00, 0x00, 0x00, 0x00, 0x00, 0x00,
    0x00, 0x00, 0x00, 0x00, 0x00, 0x00, 0x00, 0x00, 0x00, 0x00, 0x00, 0x00, 0x00, 0x00, 0x00, 0x00, 0x00, 0x00,
    0x00, 0x00, 0x00, 0x00, 0x00, 0x00, 0x00, 0x00, 0x00, 0x00, 0x00, 0x00, 0x00, 0x00, 0x00, 0x00, 0x00, 0x00,
    0x00, 0x00, 0x00, 0x00, 0x00, 0x00, 0x00, 0x00, 0x00, 0x00, 0x00, 0x00, 0x00, 0x00, 0x00, 0x00, 0x00, 0x00,
    0x00, 0x00, 0x00, 0x00, 0x00, 0x00, 0x00, 0x00, 0x00, 0x00, 0x00, 0x00, 0x00, 0x00, 0x00, 0x00, 0x00, 0x00,
    0x00, 0x00, 0x00, 0x00, 0x00, 0x00, 0x00, 0x00, 0x00, 0x00, 0x00, 0x00, 0x00, 0x00, 0x00, 0x00, 0x00, 0x00,
    0x00, 0x00, 0x00, 0x00, 0x00, 0x00, 0x00, 0x00, 0x00, 0x00, 0x00, 0x00, 0x00, 0x00, 0x00, 0x00, 0x00, 0x00,
    0x00, 0x00, 0x00, 0x00, 0x00, 0x00, 0x00, 0x00, 0x00, 0x00, 0x00, 0x00, 0x00, 0x00, 0x00, 0x00, 0x00, 0x00,
    0x00, 0x00, 0x00, 0x00, 0x00, 0x00, 0x00, 0x00, 0x00, 0x00, 0x00, 0x00, 0x00, 0x00, 0x00, 0x00, 0x00, 0x00,
    0x00, 0x00, 0x00, 0x00, 0x00, 0x00, 0x00, 0x00, 0x00, 0x00, 0x00, 0x00, 0x00, 0x00, 0x00, 0x00, 0x00, 0x00,
    0x00, 0x1e, 0x00, 0x00, 0x00, 0x00, 0x00, 0x00, 0x00, 0x00, 0x77, 0x80, 0x1f, 0xc3, 0xf9, 0xfc, 0x3f, 0xe0,
    0x00, 0x7f, 0x80, 0x3f, 0xc7, 0xf9, 0xfe, 0x3f, 0xe0, 0x00, 0xd7, 0xc0, 0x7f, 0xcf, 0xf9, 0xff, 0x3f, 0xe0,
    0x01, 0xff, 0x80, 0x70, 0x0e, 0x39, 0xc7, 0x38, 0x00, 0x01, 0xd5, 0x80, 0xe0, 0x1c, 0x73, 0x8e, 0x70, 0x00,
    0x01, 0xff, 0x80, 0xe0, 0x1c, 0x73, 0x8e, 0x7f, 0x00, 0x01, 0xd5, 0x80, 0xe0, 0x1c, 0x73, 0x8e, 0x7f, 0x00,
    0x03, 0xff, 0x00, 0xe0, 0x1c, 0x73, 0x8e, 0x70, 0x00, 0x03, 0x5d, 0x01, 0xc0, 0x38, 0xe7, 0x1c, 0xe0, 0x00,
    0x03, 0xff, 0x01, 0xff, 0x3f, 0xe7, 0xfc, 0xff, 0x80, 0x03, 0x5d, 0x00, 0xff, 0x3f, 0xc7, 0xf8, 0xff, 0x80,
    0x07, 0xfe, 0x00, 0x7f, 0x3f, 0x87, 0xf0, 0xff, 0x80, 0x07, 0x56, 0x00, 0x00, 0x00, 0x00, 0x00, 0x00, 0x00,
    0x07, 0xfe, 0x00, 0x00, 0x00, 0x00, 0x00, 0x00, 0x00, 0x07, 0x56, 0x01, 0xc7, 0x3f, 0xe7, 0xfc, 0xff, 0x00,
    0x0f, 0xfc, 0x01, 0xce, 0x3f, 0xe7, 0xfc, 0xff, 0x80, 0x0d, 0x74, 0x01, 0xdc, 0x3f, 0xe7, 0xfc, 0xe3, 0x80,
    0x0f, 0xfc, 0x00, 0xf8, 0x38, 0x07, 0x00, 0xe3, 0x80, 0x0d, 0x74, 0x00, 0xe0, 0x70, 0x0e, 0x01, 0xce, 0x00,
    0x1f, 0xf8, 0x00, 0xc0, 0x7f, 0x0f, 0xe1, 0xfc, 0x00, 0x1d, 0x58, 0x00, 0xe0, 0x7f, 0x0f, 0xe1, 0xfe, 0x00,
    0x1f, 0xf8, 0x02, 0x70, 0x70, 0x0e, 0x01, 0xc7, 0x00, 0x1d, 0x58, 0x06, 0x70, 0xe0, 0x1c, 0x03, 0x8e, 0x00,
    0x3a, 0xb0, 0x06, 0x38, 0xff, 0x9f, 0xf3, 0xfe, 0x00, 0x10, 0xa0, 0x06, 0x1c, 0xff, 0x9f, 0xf3, 0xfe, 0x00,
    0x1c, 0xe0, 0x07, 0x1c, 0xff, 0x9f, 0xf3, 0xfc, 0x00, 0x07, 0x80, 0x00, 0x00, 0x00, 0x00, 0x00, 0x00, 0x00,
    0x00, 0x00, 0x00, 0x00, 0x00, 0x00, 0x00, 0x00, 0x00, 0x00, 0x00, 0x00, 0x00, 0x00, 0x00, 0x00, 0x00, 0x00,
    0x00, 0x00, 0x00, 0x00, 0x00, 0x00, 0x00, 0x00, 0x00, 0x00, 0x00, 0x00, 0x00, 0x00, 0x00, 0x00, 0x00, 0x00,
    0x00, 0x00, 0x00, 0x00, 0x00, 0x00, 0x00, 0x00, 0x00, 0x00, 0x00, 0x00, 0x00, 0x00, 0x00, 0x00, 0x00, 0x00,
    0x00, 0x00, 0x00, 0x00, 0x00, 0x00, 0x00, 0x00, 0x00, 0x00, 0x00, 0x00, 0x00, 0x00, 0x00, 0x00, 0x00, 0x00,
    0x00, 0x00, 0x00, 0x00, 0x00, 0x00, 0x00, 0x00, 0x00, 0x00, 0x00, 0x00, 0x00, 0x00, 0x00, 0x00, 0x00, 0x00,
    0x00, 0x00, 0x00, 0x00, 0x00, 0x00, 0x00, 0x00, 0x00, 0x00, 0x00, 0x00, 0x00, 0x00, 0x00, 0x00, 0x00, 0x00,
    0x00, 0x00, 0x00, 0x00, 0x00, 0x00, 0x00, 0x00, 0x00, 0x00, 0x00, 0x00, 0x00, 0x00, 0x00, 0x00, 0x00, 0x00,
    0x00, 0x00, 0x00, 0x00, 0x00, 0x00, 0x00, 0x00, 0x00, 0x00, 0x00, 0x00, 0x00, 0x00, 0x00, 0x00, 0x00, 0x00,
    0x00, 0x00, 0x00, 0x00, 0x00, 0x00, 0x00, 0x00, 0x00, 0x00, 0x00, 0x00, 0x00, 0x00, 0x00, 0x00, 0x00, 0x00,
    0x00, 0x00, 0x00, 0x00, 0x00, 0x00, 0x00, 0x00, 0x00, 0x00, 0x00, 0x00, 0x00, 0x00, 0x00, 0x00, 0x00, 0x00,
};
const lv_img_dsc_t codekeeb_logo_36 = {
    .header.cf = LV_IMG_CF_INDEXED_1BIT,
    .header.always_zero = 0,
    .header.reserved = 0,
    .header.w = 69,
    .header.h = 68,
    .data_size = 620,
    .data = codekeeb_logo_36_map,
};

static const LV_ATTRIBUTE_MEM_ALIGN uint8_t codekeeb_logo_37_map[] = {
#if CONFIG_NICE_OLED_WIDGET_INVERTED
    0x00, 0x00, 0x00, 0xff, 0xff, 0xff, 0xff, 0xff,
#else
    0xff, 0xff, 0xff, 0xff, 0x00, 0x00, 0x00, 0xff,
#endif
    0x00, 0x00, 0x00, 0x00, 0x00, 0x00, 0x00, 0x00, 0x00, 0x00, 0x00, 0x00, 0x00, 0x00, 0x00, 0x00, 0x00, 0x00,
    0x00, 0x00, 0x00, 0x00, 0x00, 0x00, 0x00, 0x00, 0x00, 0x00, 0x00, 0x00, 0x00, 0x00, 0x00, 0x00, 0x00, 0x00,
    0x00, 0x00, 0x00, 0x00, 0x00, 0x00, 0x00, 0x00, 0x00, 0x00, 0x00, 0x00, 0x00, 0x00, 0x00, 0x00, 0x00, 0x00,
    0x00, 0x00, 0x00, 0x00, 0x00, 0x00, 0x00, 0x00, 0x00, 0x00, 0x00, 0x00, 0x00, 0x00, 0x00, 0x00, 0x00, 0x00,
    0x00, 0x00, 0x00, 0x00, 0x00, 0x00, 0x00, 0x00, 0x00, 0x00, 0x00, 0x00, 0x00, 0x00, 0x00, 0x00, 0x00, 0x00,
    0x00, 0x00, 0x00, 0x00, 0x00, 0x00, 0x00, 0x00, 0x00, 0x00, 0x00, 0x00, 0x00, 0x00, 0x00, 0x00, 0x00, 0x00,
    0x00, 0x00, 0x00, 0x00, 0x00, 0x00, 0x00, 0x00, 0x00, 0x00, 0x00, 0x00, 0x00, 0x00, 0x00, 0x00, 0x00, 0x00,
    0x00, 0x00, 0x00, 0x00, 0x00, 0x00, 0x00, 0x00, 0x00, 0x00, 0x00, 0x00, 0x00, 0x00, 0x00, 0x00, 0x00, 0x00,
    0x00, 0x00, 0x00, 0x00, 0x00, 0x00, 0x00, 0x00, 0x00, 0x00, 0x00, 0x00, 0x00, 0x00, 0x00, 0x00, 0x00, 0x00,
    0x00, 0x00, 0x00, 0x00, 0x00, 0x00, 0x00, 0x00, 0x00, 0x00, 0x00, 0x00, 0x00, 0x00, 0x00, 0x00, 0x00, 0x00,
    0x00, 0x1e, 0x00, 0x00, 0x00, 0x00, 0x00, 0x00, 0x00, 0x00, 0x77, 0x80, 0x1f, 0xc3, 0xf9, 0xfc, 0x3f, 0xe0,
    0x00, 0x7f, 0x80, 0x3f, 0xc7, 0xf9, 0xfe, 0x3f, 0xe0, 0x00, 0xd7, 0xc0, 0x7f, 0xcf, 0xf9, 0xff, 0x3f, 0xe0,
    0x01, 0xff, 0x80, 0x70, 0x0e, 0x39, 0xc7, 0x38, 0x00, 0x01, 0xd5, 0x80, 0xe0, 0x1c, 0x73, 0x8e, 0x70, 0x00,
    0x01, 0xff, 0x80, 0x60, 0x1c, 0x73, 0x8e, 0x7f, 0x00, 0x01, 0xd5, 0x80, 0x60, 0x1c, 0x73, 0x8e, 0x7f, 0x00,
    0x03, 0xff, 0x00, 0x60, 0x1c, 0x73, 0x8e, 0x70, 0x00, 0x03, 0x5d, 0x00, 0x40, 0x38, 0xe7, 0x1c, 0xe0, 0x00,
    0x03, 0xff, 0x01, 0x3f, 0x3f, 0xe7, 0xfc, 0xff, 0x80, 0x03, 0x5d, 0x00, 0x3f, 0x3f, 0xc7, 0xf8, 0xff, 0x80,
    0x07, 0xfe, 0x00, 0x3f, 0x3f, 0x87, 0xf0, 0xff, 0x80, 0x07, 0x56, 0x00, 0x00, 0x00, 0x00, 0x00, 0x00, 0x00,
    0x07, 0xfe, 0x00, 0x00, 0x00, 0x00, 0x00, 0x00, 0x00, 0x07, 0x56, 0x01, 0x87, 0x3f, 0xe7, 0xfc, 0xff, 0x00,
    0x0f, 0xfc, 0x01, 0x8e, 0x3f, 0xe7, 0xfc, 0xff, 0x80, 0x0d, 0x74, 0x01, 0x9c, 0x3f, 0xe7, 0xfc, 0xe3, 0x80,
    0x0f, 0xfc, 0x01, 0xc8, 0x38, 0x07, 0x00, 0xe3, 0x80, 0x0d, 0x74, 0x03, 0xc0, 0x70, 0x0e, 0x01, 0xce, 0x00,
    0x1f, 0xf8, 0x03, 0xc0, 0x7f, 0x0f, 0xe1, 0xfc, 0x00, 0x1d, 0x58, 0x03, 0xc0, 0x7f, 0x0f, 0xe1, 0xfe, 0x00,
    0x1f, 0xf8, 0x03, 0xe0, 0x70, 0x0e, 0x01, 0xc7, 0x00, 0x1d, 0x58, 0x07, 0x60, 0xe0, 0x1c, 0x03, 0x8e, 0x00,
    0x3a, 0xb0, 0x07, 0x20, 0xff, 0x9f, 0xf3, 0xfe, 0x00, 0x10, 0xa0, 0x07, 0x04, 0xff, 0x9f, 0xf3, 0xfe, 0x00,
    0x1c, 0xe0, 0x07, 0x10, 0xff, 0x9f, 0xf3, 0xfc, 0x00, 0x07, 0x80, 0x00, 0x00, 0x00, 0x00, 0x00, 0x00, 0x00,
    0x00, 0x00, 0x00, 0x00, 0x00, 0x00, 0x00, 0x00, 0x00, 0x00, 0x00, 0x00, 0x00, 0x00, 0x00, 0x00, 0x00, 0x00,
    0x00, 0x00, 0x00, 0x00, 0x00, 0x00, 0x00, 0x00, 0x00, 0x00, 0x00, 0x00, 0x00, 0x00, 0x00, 0x00, 0x00, 0x00,
    0x00, 0x00, 0x00, 0x00, 0x00, 0x00, 0x00, 0x00, 0x00, 0x00, 0x00, 0x00, 0x00, 0x00, 0x00, 0x00, 0x00, 0x00,
    0x00, 0x00, 0x00, 0x00, 0x00, 0x00, 0x00, 0x00, 0x00, 0x00, 0x00, 0x00, 0x00, 0x00, 0x00, 0x00, 0x00, 0x00,
    0x00, 0x00, 0x00, 0x00, 0x00, 0x00, 0x00, 0x00, 0x00, 0x00, 0x00, 0x00, 0x00, 0x00, 0x00, 0x00, 0x00, 0x00,
    0x00, 0x00, 0x00, 0x00, 0x00, 0x00, 0x00, 0x00, 0x00, 0x00, 0x00, 0x00, 0x00, 0x00, 0x00, 0x00, 0x00, 0x00,
    0x00, 0x00, 0x00, 0x00, 0x00, 0x00, 0x00, 0x00, 0x00, 0x00, 0x00, 0x00, 0x00, 0x00, 0x00, 0x00, 0x00, 0x00,
    0x00, 0x00, 0x00, 0x00, 0x00, 0x00, 0x00, 0x00, 0x00, 0x00, 0x00, 0x00, 0x00, 0x00, 0x00, 0x00, 0x00, 0x00,
    0x00, 0x00, 0x00, 0x00, 0x00, 0x00, 0x00, 0x00, 0x00, 0x00, 0x00, 0x00, 0x00, 0x00, 0x00, 0x00, 0x00, 0x00,
    0x00, 0x00, 0x00, 0x00, 0x00, 0x00, 0x00, 0x00, 0x00, 0x00, 0x00, 0x00, 0x00, 0x00, 0x00, 0x00, 0x00, 0x00,
};
const lv_img_dsc_t codekeeb_logo_37 = {
    .header.cf = LV_IMG_CF_INDEXED_1BIT,
    .header.always_zero = 0,
    .header.reserved = 0,
    .header.w = 69,
    .header.h = 68,
    .data_size = 620,
    .data = codekeeb_logo_37_map,
};

static const LV_ATTRIBUTE_MEM_ALIGN uint8_t codekeeb_logo_38_map[] = {
#if CONFIG_NICE_OLED_WIDGET_INVERTED
    0x00, 0x00, 0x00, 0xff, 0xff, 0xff, 0xff, 0xff,
#else
    0xff, 0xff, 0xff, 0xff, 0x00, 0x00, 0x00, 0xff,
#endif
    0x00, 0x00, 0x00, 0x00, 0x00, 0x00, 0x00, 0x00, 0x00, 0x00, 0x00, 0x00, 0x00, 0x00, 0x00, 0x00, 0x00, 0x00,
    0x00, 0x00, 0x00, 0x00, 0x00, 0x00, 0x00, 0x00, 0x00, 0x00, 0x00, 0x00, 0x00, 0x00, 0x00, 0x00, 0x00, 0x00,
    0x00, 0x00, 0x00, 0x00, 0x00, 0x00, 0x00, 0x00, 0x00, 0x00, 0x00, 0x00, 0x00, 0x00, 0x00, 0x00, 0x00, 0x00,
    0x00, 0x00, 0x00, 0x00, 0x00, 0x00, 0x00, 0x00, 0x00, 0x00, 0x00, 0x00, 0x00, 0x00, 0x00, 0x00, 0x00, 0x00,
    0x00, 0x00, 0x00, 0x00, 0x00, 0x00, 0x00, 0x00, 0x00, 0x00, 0x00, 0x00, 0x00, 0x00, 0x00, 0x00, 0x00, 0x00,
    0x00, 0x00, 0x00, 0x00, 0x00, 0x00, 0x00, 0x00, 0x00, 0x00, 0x00, 0x00, 0x00, 0x00, 0x00, 0x00, 0x00, 0x00,
    0x00, 0x00, 0x00, 0x00, 0x00, 0x00, 0x00, 0x00, 0x00, 0x00, 0x00, 0x00, 0x00, 0x00, 0x00, 0x00, 0x00, 0x00,
    0x00, 0x00, 0x00, 0x00, 0x00, 0x00, 0x00, 0x00, 0x00, 0x00, 0x00, 0x00, 0x00, 0x00, 0x00, 0x00, 0x00, 0x00,
    0x00, 0x00, 0x00, 0x00, 0x00, 0x00, 0x00, 0x00, 0x00, 0x00, 0x00, 0x00, 0x00, 0x00, 0x00, 0x00, 0x00, 0x00,
    0x00, 0x00, 0x00, 0x00, 0x00, 0x00, 0x00, 0x00, 0x00, 0x00, 0x00, 0x00, 0x00, 0x00, 0x00, 0x00, 0x00, 0x00,
    0x00, 0x1e, 0x00, 0x00, 0x00, 0x00, 0x00, 0x00, 0x00, 0x00, 0x77, 0x80, 0x1f, 0xc3, 0xf9, 0xfc, 0x3f, 0xe0,
    0x00, 0x7f, 0x80, 0x0f, 0xc7, 0xf9, 0xfe, 0x3f, 0xe0, 0x00, 0xd7, 0xc0, 0x4f, 0xcf, 0xf9, 0xff, 0x3f, 0xe0,
    0x01, 0xff, 0x80, 0x40, 0x0e, 0x39, 0xc7, 0x38, 0x00, 0x01, 0xd5, 0x80, 0xc0, 0x1c, 0x73, 0x8e, 0x70, 0x00,
    0x01, 0xaf, 0x80, 0xe0, 0x1c, 0x73, 0x8e, 0x7f, 0x00, 0x01, 0xd5, 0x80, 0xe0, 0x1c, 0x73, 0x8e, 0x7f, 0x00,
    0x03, 0xaf, 0x00, 0xe0, 0x1c, 0x73, 0x8e, 0x70, 0x00, 0x03, 0x5d, 0x01, 0xc0, 0x38, 0xe7, 0x1c, 0xe0, 0x00,
    0x03, 0xaf, 0x01, 0xf3, 0x3f, 0xe7, 0xfc, 0xff, 0x80, 0x03, 0x5d, 0x00, 0xf3, 0x3f, 0xc7, 0xf8, 0xff, 0x80,
    0x06, 0xbe, 0x00, 0x73, 0x3f, 0x87, 0xf0, 0xff, 0x80, 0x07, 0x56, 0x00, 0x00, 0x00, 0x00, 0x00, 0x00, 0x00,
    0x06, 0xbe, 0x00, 0x00, 0x00, 0x00, 0x00, 0x00, 0x00, 0x07, 0x56, 0x01, 0xc1, 0x3f, 0xe7, 0xfc, 0xff, 0x00,
    0x0e, 0xbc, 0x01, 0xc8, 0x3f, 0xe7, 0xfc, 0xff, 0x80, 0x0d, 0x74, 0x01, 0xd8, 0x3f, 0xe7, 0xfc, 0xe3, 0x80,
    0x0e, 0xbc, 0x01, 0xf8, 0x38, 0x07, 0x00, 0xe3, 0x80, 0x0d, 0x74, 0x03, 0xe0, 0x70, 0x0e, 0x01, 0xce, 0x00,
    0x1a, 0xf8, 0x03, 0xc0, 0x7f, 0x0f, 0xe1, 0xfc, 0x00, 0x1d, 0x58, 0x03, 0xe0, 0x7f, 0x0f, 0xe1, 0xfe, 0x00,
    0x1a, 0xf8, 0x03, 0xf0, 0x70, 0x0e, 0x01, 0xc7, 0x00, 0x1d, 0x58, 0x07, 0x70, 0x60, 0x1c, 0x03, 0x8e, 0x00,
    0x3a, 0xb0, 0x07, 0x38, 0x7f, 0x9f, 0xf3, 0xfe, 0x00, 0x10, 0xa0, 0x07, 0x1c, 0x7f, 0x9f, 0xf3, 0xfe, 0x00,
    0x1c, 0xe0, 0x07, 0x1c, 0x3f, 0x9f, 0xf3, 0xfc, 0x00, 0x07, 0x80, 0x00, 0x00, 0x00, 0x00, 0x00, 0x00, 0x00,
    0x00, 0x00, 0x00, 0x00, 0x00, 0x00, 0x00, 0x00, 0x00, 0x00, 0x00, 0x00, 0x00, 0x00, 0x00, 0x00, 0x00, 0x00,
    0x00, 0x00, 0x00, 0x00, 0x00, 0x00, 0x00, 0x00, 0x00, 0x00, 0x00, 0x00, 0x00, 0x00, 0x00, 0x00, 0x00, 0x00,
    0x00, 0x00, 0x00, 0x00, 0x00, 0x00, 0x00, 0x00, 0x00, 0x00, 0x00, 0x00, 0x00, 0x00, 0x00, 0x00, 0x00, 0x00,
    0x00, 0x00, 0x00, 0x00, 0x00, 0x00, 0x00, 0x00, 0x00, 0x00, 0x00, 0x00, 0x00, 0x00, 0x00, 0x00, 0x00, 0x00,
    0x00, 0x00, 0x00, 0x00, 0x00, 0x00, 0x00, 0x00, 0x00, 0x00, 0x00, 0x00, 0x00, 0x00, 0x00, 0x00, 0x00, 0x00,
    0x00, 0x00, 0x00, 0x00, 0x00, 0x00, 0x00, 0x00, 0x00, 0x00, 0x00, 0x00, 0x00, 0x00, 0x00, 0x00, 0x00, 0x00,
    0x00, 0x00, 0x00, 0x00, 0x00, 0x00, 0x00, 0x00, 0x00, 0x00, 0x00, 0x00, 0x00, 0x00, 0x00, 0x00, 0x00, 0x00,
    0x00, 0x00, 0x00, 0x00, 0x00, 0x00, 0x00, 0x00, 0x00, 0x00, 0x00, 0x00, 0x00, 0x00, 0x00, 0x00, 0x00, 0x00,
    0x00, 0x00, 0x00, 0x00, 0x00, 0x00, 0x00, 0x00, 0x00, 0x00, 0x00, 0x00, 0x00, 0x00, 0x00, 0x00, 0x00, 0x00,
    0x00, 0x00, 0x00, 0x00, 0x00, 0x00, 0x00, 0x00, 0x00, 0x00, 0x00, 0x00, 0x00, 0x00, 0x00, 0x00, 0x00, 0x00,
};
const lv_img_dsc_t codekeeb_logo_38 = {
    .header.cf = LV_IMG_CF_INDEXED_1BIT,
    .header.always_zero = 0,
    .header.reserved = 0,
    .header.w = 69,
    .header.h = 68,
    .data_size = 620,
    .data = codekeeb_logo_38_map,
};

static const LV_ATTRIBUTE_MEM_ALIGN uint8_t codekeeb_logo_39_map[] = {
#if CONFIG_NICE_OLED_WIDGET_INVERTED
    0x00, 0x00, 0x00, 0xff, 0xff, 0xff, 0xff, 0xff,
#else
    0xff, 0xff, 0xff, 0xff, 0x00, 0x00, 0x00, 0xff,
#endif
    0x00, 0x00, 0x00, 0x00, 0x00, 0x00, 0x00, 0x00, 0x00, 0x00, 0x00, 0x00, 0x00, 0x00, 0x00, 0x00, 0x00, 0x00,
    0x00, 0x00, 0x00, 0x00, 0x00, 0x00, 0x00, 0x00, 0x00, 0x00, 0x00, 0x00, 0x00, 0x00, 0x00, 0x00, 0x00, 0x00,
    0x00, 0x00, 0x00, 0x00, 0x00, 0x00, 0x00, 0x00, 0x00, 0x00, 0x00, 0x00, 0x00, 0x00, 0x00, 0x00, 0x00, 0x00,
    0x00, 0x00, 0x00, 0x00, 0x00, 0x00, 0x00, 0x00, 0x00, 0x00, 0x00, 0x00, 0x00, 0x00, 0x00, 0x00, 0x00, 0x00,
    0x00, 0x00, 0x00, 0x00, 0x00, 0x00, 0x00, 0x00, 0x00, 0x00, 0x00, 0x00, 0x00, 0x00, 0x00, 0x00, 0x00, 0x00,
    0x00, 0x00, 0x00, 0x00, 0x00, 0x00, 0x00, 0x00, 0x00, 0x00, 0x00, 0x00, 0x00, 0x00, 0x00, 0x00, 0x00, 0x00,
    0x00, 0x00, 0x00, 0x00, 0x00, 0x00, 0x00, 0x00, 0x00, 0x00, 0x00, 0x00, 0x00, 0x00, 0x00, 0x00, 0x00, 0x00,
    0x00, 0x00, 0x00, 0x00, 0x00, 0x00, 0x00, 0x00, 0x00, 0x00, 0x00, 0x00, 0x00, 0x00, 0x00, 0x00, 0x00, 0x00,
    0x00, 0x00, 0x00, 0x00, 0x00, 0x00, 0x00, 0x00, 0x00, 0x00, 0x00, 0x00, 0x00, 0x00, 0x00, 0x00, 0x00, 0x00,
    0x00, 0x00, 0x00, 0x00, 0x00, 0x00, 0x00, 0x00, 0x00, 0x00, 0x00, 0x00, 0x00, 0x00, 0x00, 0x00, 0x00, 0x00,
    0x00, 0x1e, 0x00, 0x00, 0x00, 0x00, 0x00, 0x00, 0x00, 0x00, 0x77, 0x80, 0x19, 0xc3, 0xf9, 0xfc, 0x3f, 0xe0,
    0x00, 0x7f, 0x80, 0x3c, 0xc7, 0xf9, 0xfe, 0x3f, 0xe0, 0x00, 0xd7, 0xc0, 0x7c, 0xcf, 0xf9, 0xff, 0x3f, 0xe0,
    0x01, 0xff, 0x80, 0x70, 0x0e, 0x39, 0xc7, 0x38, 0x00, 0x01, 0xd5, 0x80, 0xe0, 0x1c, 0x73, 0x8e, 0x70, 0x00,
    0x01, 0xaf, 0x80, 0xe0, 0x1c, 0x73, 0x8e, 0x7f, 0x00, 0x01, 0xd5, 0x80, 0xe0, 0x1c, 0x73, 0x8e, 0x7f, 0x00,
    0x03, 0xaf, 0x00, 0xe0, 0x1c, 0x73, 0x8e, 0x70, 0x00, 0x03, 0x5d, 0x01, 0xc0, 0x38, 0xe7, 0x1c, 0xe0, 0x00,
    0x03, 0xaf, 0x01, 0xff, 0x3f, 0xe7, 0xfc, 0xff, 0x80, 0x03, 0x5d, 0x00, 0xff, 0x3f, 0xc7, 0xf8, 0xff, 0x80,
    0x06, 0xbe, 0x00, 0x7f, 0x3f, 0x87, 0xf0, 0xff, 0x80, 0x07, 0x56, 0x00, 0x00, 0x00, 0x00, 0x00, 0x00, 0x00,
    0x06, 0xbe, 0x00, 0x00, 0x00, 0x00, 0x00, 0x00, 0x00, 0x07, 0x56, 0x01, 0xc7, 0x1f, 0xe7, 0xfc, 0xff, 0x00,
    0x0e, 0xbc, 0x01, 0xce, 0x1f, 0xe7, 0xfc, 0xff, 0x80, 0x0d, 0x74, 0x01, 0xdc, 0x1f, 0xe7, 0xfc, 0xe3, 0x80,
    0x0e, 0xbc, 0x01, 0xf8, 0x08, 0x07, 0x00, 0xe3, 0x80, 0x0d, 0x74, 0x03, 0xe0, 0x40, 0x0e, 0x01, 0xce, 0x00,
    0x1a, 0xf8, 0x03, 0xc0, 0x4f, 0x0f, 0xe1, 0xfc, 0x00, 0x1d, 0x58, 0x03, 0xe0, 0x4f, 0x0f, 0xe1, 0xfe, 0x00,
    0x1a, 0xf8, 0x03, 0xf0, 0x60, 0x0e, 0x01, 0xc7, 0x00, 0x1d, 0x58, 0x07, 0x70, 0xe0, 0x1c, 0x03, 0x8e, 0x00,
    0x3a, 0xb0, 0x07, 0x38, 0xe7, 0x9f, 0xf3, 0xfe, 0x00, 0x10, 0xa0, 0x07, 0x1c, 0xe7, 0x9f, 0xf3, 0xfe, 0x00,
    0x1c, 0xe0, 0x07, 0x1c, 0xf3, 0x9f, 0xf3, 0xfc, 0x00, 0x07, 0x80, 0x00, 0x00, 0x00, 0x00, 0x00, 0x00, 0x00,
    0x00, 0x00, 0x00, 0x00, 0x00, 0x00, 0x00, 0x00, 0x00, 0x00, 0x00, 0x00, 0x00, 0x00, 0x00, 0x00, 0x00, 0x00,
    0x00, 0x00, 0x00, 0x00, 0x00, 0x00, 0x00, 0x00, 0x00, 0x00, 0x00, 0x00, 0x00, 0x00, 0x00, 0x00, 0x00, 0x00,
    0x00, 0x00, 0x00, 0x00, 0x00, 0x00, 0x00, 0x00, 0x00, 0x00, 0x00, 0x00, 0x00, 0x00, 0x00, 0x00, 0x00, 0x00,
    0x00, 0x00, 0x00, 0x00, 0x00, 0x00, 0x00, 0x00, 0x00, 0x00, 0x00, 0x00, 0x00, 0x00, 0x00, 0x00, 0x00, 0x00,
    0x00, 0x00, 0x00, 0x00, 0x00, 0x00, 0x00, 0x00, 0x00, 0x00, 0x00, 0x00, 0x00, 0x00, 0x00, 0x00, 0x00, 0x00,
    0x00, 0x00, 0x00, 0x00, 0x00, 0x00, 0x00, 0x00, 0x00, 0x00, 0x00, 0x00, 0x00, 0x00, 0x00, 0x00, 0x00, 0x00,
    0x00, 0x00, 0x00, 0x00, 0x00, 0x00, 0x00, 0x00, 0x00, 0x00, 0x00, 0x00, 0x00, 0x00, 0x00, 0x00, 0x00, 0x00,
    0x00, 0x00, 0x00, 0x00, 0x00, 0x00, 0x00, 0x00, 0x00, 0x00, 0x00, 0x00, 0x00, 0x00, 0x00, 0x00, 0x00, 0x00,
    0x00, 0x00, 0x00, 0x00, 0x00, 0x00, 0x00, 0x00, 0x00, 0x00, 0x00, 0x00, 0x00, 0x00, 0x00, 0x00, 0x00, 0x00,
    0x00, 0x00, 0x00, 0x00, 0x00, 0x00, 0x00, 0x00, 0x00, 0x00, 0x00, 0x00, 0x00, 0x00, 0x00, 0x00, 0x00, 0x00,
};
const lv_img_dsc_t codekeeb_logo_39 = {
    .header.cf = LV_IMG_CF_INDEXED_1BIT,
    .header.always_zero = 0,
    .header.reserved = 0,
    .header.w = 69,
    .header.h = 68,
    .data_size = 620,
    .data = codekeeb_logo_39_map,
};

static const LV_ATTRIBUTE_MEM_ALIGN uint8_t codekeeb_logo_40_map[] = {
#if CONFIG_NICE_OLED_WIDGET_INVERTED
    0x00, 0x00, 0x00, 0xff, 0xff, 0xff, 0xff, 0xff,
#else
    0xff, 0xff, 0xff, 0xff, 0x00, 0x00, 0x00, 0xff,
#endif
    0x00, 0x00, 0x00, 0x00, 0x00, 0x00, 0x00, 0x00, 0x00, 0x00, 0x00, 0x00, 0x00, 0x00, 0x00, 0x00, 0x00, 0x00,
    0x00, 0x00, 0x00, 0x00, 0x00, 0x00, 0x00, 0x00, 0x00, 0x00, 0x00, 0x00, 0x00, 0x00, 0x00, 0x00, 0x00, 0x00,
    0x00, 0x00, 0x00, 0x00, 0x00, 0x00, 0x00, 0x00, 0x00, 0x00, 0x00, 0x00, 0x00, 0x00, 0x00, 0x00, 0x00, 0x00,
    0x00, 0x00, 0x00, 0x00, 0x00, 0x00, 0x00, 0x00, 0x00, 0x00, 0x00, 0x00, 0x00, 0x00, 0x00, 0x00, 0x00, 0x00,
    0x00, 0x00, 0x00, 0x00, 0x00, 0x00, 0x00, 0x00, 0x00, 0x00, 0x00, 0x00, 0x00, 0x00, 0x00, 0x00, 0x00, 0x00,
    0x00, 0x00, 0x00, 0x00, 0x00, 0x00, 0x00, 0x00, 0x00, 0x00, 0x00, 0x00, 0x00, 0x00, 0x00, 0x00, 0x00, 0x00,
    0x00, 0x00, 0x00, 0x00, 0x00, 0x00, 0x00, 0x00, 0x00, 0x00, 0x00, 0x00, 0x00, 0x00, 0x00, 0x00, 0x00, 0x00,
    0x00, 0x00, 0x00, 0x00, 0x00, 0x00, 0x00, 0x00, 0x00, 0x00, 0x00, 0x00, 0x00, 0x00, 0x00, 0x00, 0x00, 0x00,
    0x00, 0x00, 0x00, 0x00, 0x00, 0x00, 0x00, 0x00, 0x00, 0x00, 0x00, 0x00, 0x00, 0x00, 0x00, 0x00, 0x00, 0x00,
    0x00, 0x00, 0x00, 0x00, 0x00, 0x00, 0x00, 0x00, 0x00, 0x00, 0x00, 0x00, 0x00, 0x00, 0x00, 0x00, 0x00, 0x00,
    0x00, 0x1e, 0x00, 0x00, 0x00, 0x00, 0x00, 0x00, 0x00, 0x00, 0x77, 0x80, 0x1f, 0x83, 0xf9, 0xfc, 0x3f, 0xe0,
    0x00, 0x7f, 0x80, 0x3f, 0xc7, 0xf9, 0xfe, 0x3f, 0xe0, 0x00, 0xd7, 0xc0, 0x7f, 0xcf, 0xf9, 0xff, 0x3f, 0xe0,
    0x01, 0xff, 0x80, 0x70, 0x0e, 0x39, 0xc7, 0x38, 0x00, 0x01, 0xd5, 0x80, 0xe0, 0x0c, 0x73, 0x8e, 0x70, 0x00,
    0x01, 0xaf, 0x80, 0xe0, 0x04, 0x73, 0x8e, 0x7f, 0x00, 0x01, 0xd5, 0x80, 0xe0, 0x04, 0x73, 0x8e, 0x7f, 0x00,
    0x03, 0xaf, 0x00, 0xe0, 0x04, 0x73, 0x8e, 0x70, 0x00, 0x03, 0x5d, 0x01, 0xc0, 0x20, 0xe7, 0x1c, 0xe0, 0x00,
    0x03, 0xaf, 0x01, 0xff, 0x33, 0xe7, 0xfc, 0xff, 0x80, 0x03, 0x5d, 0x00, 0xff, 0x33, 0xc7, 0xf8, 0xff, 0x80,
    0x06, 0xbe, 0x00, 0x7f, 0x33, 0x87, 0xf0, 0xff, 0x80, 0x07, 0x56, 0x00, 0x00, 0x00, 0x00, 0x00, 0x00, 0x00,
    0x06, 0xbe, 0x00, 0x00, 0x00, 0x00, 0x00, 0x00, 0x00, 0x07, 0x56, 0x01, 0xc7, 0x39, 0xe7, 0xfc, 0xff, 0x00,
    0x0e, 0xbc, 0x01, 0xce, 0x39, 0xe7, 0xfc, 0xff, 0x80, 0x0d, 0x74, 0x01, 0xdc, 0x39, 0xe7, 0xfc, 0xe3, 0x80,
    0x0e, 0xbc, 0x01, 0xf8, 0x38, 0x07, 0x00, 0xe3, 0x80, 0x0d, 0x74, 0x03, 0xe0, 0x70, 0x0e, 0x01, 0xce, 0x00,
    0x1a, 0xf8, 0x03, 0xc0, 0x7c, 0x0f, 0xe1, 0xfc, 0x00, 0x1d, 0x58, 0x03, 0xe0, 0x7c, 0x0f, 0xe1, 0xfe, 0x00,
    0x1a, 0xf8, 0x03, 0xf0, 0x70, 0x0e, 0x01, 0xc7, 0x00, 0x1d, 0x58, 0x07, 0x70, 0xe0, 0x1c, 0x03, 0x8e, 0x00,
    0x3a, 0xb0, 0x07, 0x38, 0xfe, 0x1f, 0xf3, 0xfe, 0x00, 0x10, 0xa0, 0x07, 0x1c, 0xfe, 0x1f, 0xf3, 0xfe, 0x00,
    0x1c, 0xe0, 0x07, 0x1c, 0xff, 0x1f, 0xf3, 0xfc, 0x00, 0x07, 0x80, 0x00, 0x00, 0x00, 0x00, 0x00, 0x00, 0x00,
    0x00, 0x00, 0x00, 0x00, 0x00, 0x00, 0x00, 0x00, 0x00, 0x00, 0x00, 0x00, 0x00, 0x00, 0x00, 0x00, 0x00, 0x00,
    0x00, 0x00, 0x00, 0x00, 0x00, 0x00, 0x00, 0x00, 0x00, 0x00, 0x00, 0x00, 0x00, 0x00, 0x00, 0x00, 0x00, 0x00,
    0x00, 0x00, 0x00, 0x00, 0x00, 0x00, 0x00, 0x00, 0x00, 0x00, 0x00, 0x00, 0x00, 0x00, 0x00, 0x00, 0x00, 0x00,
    0x00, 0x00, 0x00, 0x00, 0x00, 0x00, 0x00, 0x00, 0x00, 0x00, 0x00, 0x00, 0x00, 0x00, 0x00, 0x00, 0x00, 0x00,
    0x00, 0x00, 0x00, 0x00, 0x00, 0x00, 0x00, 0x00, 0x00, 0x00, 0x00, 0x00, 0x00, 0x00, 0x00, 0x00, 0x00, 0x00,
    0x00, 0x00, 0x00, 0x00, 0x00, 0x00, 0x00, 0x00, 0x00, 0x00, 0x00, 0x00, 0x00, 0x00, 0x00, 0x00, 0x00, 0x00,
    0x00, 0x00, 0x00, 0x00, 0x00, 0x00, 0x00, 0x00, 0x00, 0x00, 0x00, 0x00, 0x00, 0x00, 0x00, 0x00, 0x00, 0x00,
    0x00, 0x00, 0x00, 0x00, 0x00, 0x00, 0x00, 0x00, 0x00, 0x00, 0x00, 0x00, 0x00, 0x00, 0x00, 0x00, 0x00, 0x00,
    0x00, 0x00, 0x00, 0x00, 0x00, 0x00, 0x00, 0x00, 0x00, 0x00, 0x00, 0x00, 0x00, 0x00, 0x00, 0x00, 0x00, 0x00,
    0x00, 0x00, 0x00, 0x00, 0x00, 0x00, 0x00, 0x00, 0x00, 0x00, 0x00, 0x00, 0x00, 0x00, 0x00, 0x00, 0x00, 0x00,
};
const lv_img_dsc_t codekeeb_logo_40 = {
    .header.cf = LV_IMG_CF_INDEXED_1BIT,
    .header.always_zero = 0,
    .header.reserved = 0,
    .header.w = 69,
    .header.h = 68,
    .data_size = 620,
    .data = codekeeb_logo_40_map,
};

static const LV_ATTRIBUTE_MEM_ALIGN uint8_t codekeeb_logo_41_map[] = {
#if CONFIG_NICE_OLED_WIDGET_INVERTED
    0x00, 0x00, 0x00, 0xff, 0xff, 0xff, 0xff, 0xff,
#else
    0xff, 0xff, 0xff, 0xff, 0x00, 0x00, 0x00, 0xff,
#endif
    0x00, 0x00, 0x00, 0x00, 0x00, 0x00, 0x00, 0x00, 0x00, 0x00, 0x00, 0x00, 0x00, 0x00, 0x00, 0x00, 0x00, 0x00,
    0x00, 0x00, 0x00, 0x00, 0x00, 0x00, 0x00, 0x00, 0x00, 0x00, 0x00, 0x00, 0x00, 0x00, 0x00, 0x00, 0x00, 0x00,
    0x00, 0x00, 0x00, 0x00, 0x00, 0x00, 0x00, 0x00, 0x00, 0x00, 0x00, 0x00, 0x00, 0x00, 0x00, 0x00, 0x00, 0x00,
    0x00, 0x00, 0x00, 0x00, 0x00, 0x00, 0x00, 0x00, 0x00, 0x00, 0x00, 0x00, 0x00, 0x00, 0x00, 0x00, 0x00, 0x00,
    0x00, 0x00, 0x00, 0x00, 0x00, 0x00, 0x00, 0x00, 0x00, 0x00, 0x00, 0x00, 0x00, 0x00, 0x00, 0x00, 0x00, 0x00,
    0x00, 0x00, 0x00, 0x00, 0x00, 0x00, 0x00, 0x00, 0x00, 0x00, 0x00, 0x00, 0x00, 0x00, 0x00, 0x00, 0x00, 0x00,
    0x00, 0x00, 0x00, 0x00, 0x00, 0x00, 0x00, 0x00, 0x00, 0x00, 0x00, 0x00, 0x00, 0x00, 0x00, 0x00, 0x00, 0x00,
    0x00, 0x00, 0x00, 0x00, 0x00, 0x00, 0x00, 0x00, 0x00, 0x00, 0x00, 0x00, 0x00, 0x00, 0x00, 0x00, 0x00, 0x00,
    0x00, 0x00, 0x00, 0x00, 0x00, 0x00, 0x00, 0x00, 0x00, 0x00, 0x00, 0x00, 0x00, 0x00, 0x00, 0x00, 0x00, 0x00,
    0x00, 0x00, 0x00, 0x00, 0x00, 0x00, 0x00, 0x00, 0x00, 0x00, 0x00, 0x00, 0x00, 0x00, 0x00, 0x00, 0x00, 0x00,
    0x00, 0x1e, 0x00, 0x00, 0x00, 0x00, 0x00, 0x00, 0x00, 0x00, 0x77, 0x80, 0x1f, 0xc1, 0xf9, 0xfc, 0x3f, 0xe0,
    0x00, 0x7f, 0x80, 0x3f, 0xc4, 0xf9, 0xfe, 0x3f, 0xe0, 0x00, 0xd7, 0xc0, 0x7f, 0xcc, 0xf9, 0xff, 0x3f, 0xe0,
    0x01, 0xaf, 0x80, 0x70, 0x0c, 0x39, 0xc7, 0x38, 0x00, 0x01, 0xd5, 0x80, 0xe0, 0x1c, 0x73, 0x8e, 0x70, 0x00,
    0x01, 0xaf, 0x80, 0xe0, 0x1c, 0x73, 0x8e, 0x7f, 0x00, 0x01, 0xd5, 0x80, 0xe0, 0x1c, 0x73, 0x8e, 0x7f, 0x00,
    0x03, 0xaf, 0x00, 0xe0, 0x1c, 0x73, 0x8e, 0x70, 0x00, 0x03, 0x5d, 0x01, 0xc0, 0x38, 0x67, 0x1c, 0xe0, 0x00,
    0x03, 0xaf, 0x01, 0xff, 0x3f, 0x27, 0xfc, 0xff, 0x80, 0x03, 0x5d, 0x00, 0xff, 0x3f, 0x07, 0xf8, 0xff, 0x80,
    0x06, 0xbe, 0x00, 0x7f, 0x3f, 0x07, 0xf0, 0xff, 0x80, 0x07, 0x56, 0x00, 0x00, 0x00, 0x00, 0x00, 0x00, 0x00,
    0x06, 0xbe, 0x00, 0x00, 0x00, 0x00, 0x00, 0x00, 0x00, 0x07, 0x56, 0x01, 0xc7, 0x3f, 0x87, 0xfc, 0xff, 0x00,
    0x0e, 0xbc, 0x01, 0xce, 0x3f, 0x87, 0xfc, 0xff, 0x80, 0x0d, 0x74, 0x01, 0xdc, 0x3f, 0x87, 0xfc, 0xe3, 0x80,
    0x0e, 0xbc, 0x01, 0xf8, 0x38, 0x07, 0x00, 0xe3, 0x80, 0x0d, 0x74, 0x03, 0xe0, 0x70, 0x0e, 0x01, 0xce, 0x00,
    0x1a, 0xf8, 0x03, 0xc0, 0x7f, 0x0f, 0xe1, 0xfc, 0x00, 0x1d, 0x58, 0x03, 0xe0, 0x7f, 0x0f, 0xe1, 0xfe, 0x00,
    0x1a, 0xf8, 0x03, 0xf0, 0x70, 0x06, 0x01, 0xc7, 0x00, 0x1d, 0x58, 0x07, 0x70, 0xe0, 0x04, 0x03, 0x8e, 0x00,
    0x3a, 0xb0, 0x07, 0x38, 0xff, 0x87, 0xf3, 0xfe, 0x00, 0x10, 0xa0, 0x07, 0x1c, 0xff, 0x87, 0xf3, 0xfe, 0x00,
    0x1c, 0xe0, 0x07, 0x1c, 0xff, 0x93, 0xf3, 0xfc, 0x00, 0x07, 0x80, 0x00, 0x00, 0x00, 0x00, 0x00, 0x00, 0x00,
    0x00, 0x00, 0x00, 0x00, 0x00, 0x00, 0x00, 0x00, 0x00, 0x00, 0x00, 0x00, 0x00, 0x00, 0x00, 0x00, 0x00, 0x00,
    0x00, 0x00, 0x00, 0x00, 0x00, 0x00, 0x00, 0x00, 0x00, 0x00, 0x00, 0x00, 0x00, 0x00, 0x00, 0x00, 0x00, 0x00,
    0x00, 0x00, 0x00, 0x00, 0x00, 0x00, 0x00, 0x00, 0x00, 0x00, 0x00, 0x00, 0x00, 0x00, 0x00, 0x00, 0x00, 0x00,
    0x00, 0x00, 0x00, 0x00, 0x00, 0x00, 0x00, 0x00, 0x00, 0x00, 0x00, 0x00, 0x00, 0x00, 0x00, 0x00, 0x00, 0x00,
    0x00, 0x00, 0x00, 0x00, 0x00, 0x00, 0x00, 0x00, 0x00, 0x00, 0x00, 0x00, 0x00, 0x00, 0x00, 0x00, 0x00, 0x00,
    0x00, 0x00, 0x00, 0x00, 0x00, 0x00, 0x00, 0x00, 0x00, 0x00, 0x00, 0x00, 0x00, 0x00, 0x00, 0x00, 0x00, 0x00,
    0x00, 0x00, 0x00, 0x00, 0x00, 0x00, 0x00, 0x00, 0x00, 0x00, 0x00, 0x00, 0x00, 0x00, 0x00, 0x00, 0x00, 0x00,
    0x00, 0x00, 0x00, 0x00, 0x00, 0x00, 0x00, 0x00, 0x00, 0x00, 0x00, 0x00, 0x00, 0x00, 0x00, 0x00, 0x00, 0x00,
    0x00, 0x00, 0x00, 0x00, 0x00, 0x00, 0x00, 0x00, 0x00, 0x00, 0x00, 0x00, 0x00, 0x00, 0x00, 0x00, 0x00, 0x00,
    0x00, 0x00, 0x00, 0x00, 0x00, 0x00, 0x00, 0x00, 0x00, 0x00, 0x00, 0x00, 0x00, 0x00, 0x00, 0x00, 0x00, 0x00,
};
const lv_img_dsc_t codekeeb_logo_41 = {
    .header.cf = LV_IMG_CF_INDEXED_1BIT,
    .header.always_zero = 0,
    .header.reserved = 0,
    .header.w = 69,
    .header.h = 68,
    .data_size = 620,
    .data = codekeeb_logo_41_map,
};

static const LV_ATTRIBUTE_MEM_ALIGN uint8_t codekeeb_logo_42_map[] = {
#if CONFIG_NICE_OLED_WIDGET_INVERTED
    0x00, 0x00, 0x00, 0xff, 0xff, 0xff, 0xff, 0xff,
#else
    0xff, 0xff, 0xff, 0xff, 0x00, 0x00, 0x00, 0xff,
#endif
    0x00, 0x00, 0x00, 0x00, 0x00, 0x00, 0x00, 0x00, 0x00, 0x00, 0x00, 0x00, 0x00, 0x00, 0x00, 0x00, 0x00, 0x00,
    0x00, 0x00, 0x00, 0x00, 0x00, 0x00, 0x00, 0x00, 0x00, 0x00, 0x00, 0x00, 0x00, 0x00, 0x00, 0x00, 0x00, 0x00,
    0x00, 0x00, 0x00, 0x00, 0x00, 0x00, 0x00, 0x00, 0x00, 0x00, 0x00, 0x00, 0x00, 0x00, 0x00, 0x00, 0x00, 0x00,
    0x00, 0x00, 0x00, 0x00, 0x00, 0x00, 0x00, 0x00, 0x00, 0x00, 0x00, 0x00, 0x00, 0x00, 0x00, 0x00, 0x00, 0x00,
    0x00, 0x00, 0x00, 0x00, 0x00, 0x00, 0x00, 0x00, 0x00, 0x00, 0x00, 0x00, 0x00, 0x00, 0x00, 0x00, 0x00, 0x00,
    0x00, 0x00, 0x00, 0x00, 0x00, 0x00, 0x00, 0x00, 0x00, 0x00, 0x00, 0x00, 0x00, 0x00, 0x00, 0x00, 0x00, 0x00,
    0x00, 0x00, 0x00, 0x00, 0x00, 0x00, 0x00, 0x00, 0x00, 0x00, 0x00, 0x00, 0x00, 0x00, 0x00, 0x00, 0x00, 0x00,
    0x00, 0x00, 0x00, 0x00, 0x00, 0x00, 0x00, 0x00, 0x00, 0x00, 0x00, 0x00, 0x00, 0x00, 0x00, 0x00, 0x00, 0x00,
    0x00, 0x00, 0x00, 0x00, 0x00, 0x00, 0x00, 0x00, 0x00, 0x00, 0x00, 0x00, 0x00, 0x00, 0x00, 0x00, 0x00, 0x00,
    0x00, 0x00, 0x00, 0x00, 0x00, 0x00, 0x00, 0x00, 0x00, 0x00, 0x00, 0x00, 0x00, 0x00, 0x00, 0x00, 0x00, 0x00,
    0x00, 0x1e, 0x00, 0x00, 0x00, 0x00, 0x00, 0x00, 0x00, 0x00, 0x77, 0x80, 0x1f, 0xc3, 0x99, 0xfc, 0x3f, 0xe0,
    0x00, 0x7f, 0x80, 0x3f, 0xc7, 0xc9, 0xfe, 0x3f, 0xe0, 0x00, 0xd7, 0xc0, 0x7f, 0xcf, 0xc9, 0xff, 0x3f, 0xe0,
    0x01, 0xaf, 0x80, 0x70, 0x0e, 0x09, 0xc7, 0x38, 0x00, 0x01, 0x5d, 0x80, 0xe0, 0x1c, 0x43, 0x8e, 0x70, 0x00,
    0x01, 0xaf, 0x80, 0xe0, 0x1c, 0x63, 0x8e, 0x7f, 0x00, 0x01, 0x5d, 0x80, 0xe0, 0x1c, 0x63, 0x8e, 0x7f, 0x00,
    0x02, 0xbf, 0x00, 0xe0, 0x1c, 0x63, 0x8e, 0x70, 0x00, 0x03, 0x55, 0x01, 0xc0, 0x38, 0xe7, 0x1c, 0xe0, 0x00,
    0x02, 0xbf, 0x01, 0xff, 0x3f, 0xe3, 0xfc, 0xff, 0x80, 0x03, 0x55, 0x00, 0xff, 0x3f, 0xc3, 0xf8, 0xff, 0x80,
    0x06, 0xbe, 0x00, 0x7f, 0x3f, 0x83, 0xf0, 0xff, 0x80, 0x05, 0x76, 0x00, 0x00, 0x00, 0x00, 0x00, 0x00, 0x00,
    0x06, 0xbe, 0x00, 0x00, 0x00, 0x00, 0x00, 0x00, 0x00, 0x05, 0x76, 0x01, 0xc7, 0x3f, 0xe1, 0xfc, 0xff, 0x00,
    0x0a, 0xfc, 0x01, 0xce, 0x3f, 0xe1, 0xfc, 0xff, 0x80, 0x0d, 0x54, 0x01, 0xdc, 0x3f, 0xe1, 0xfc, 0xe3, 0x80,
    0x0a, 0xfc, 0x01, 0xf8, 0x38, 0x04, 0x00, 0xe3, 0x80, 0x0d, 0x54, 0x03, 0xe0, 0x70, 0x0c, 0x01, 0xce, 0x00,
    0x1a, 0xf8, 0x03, 0xc0, 0x7f, 0x0c, 0xe1, 0xfc, 0x00, 0x15, 0xd8, 0x03, 0xe0, 0x7f, 0x0c, 0xe1, 0xfe, 0x00,
    0x1a, 0xf8, 0x03, 0xf0, 0x70, 0x0e, 0x01, 0xc7, 0x00, 0x15, 0xd8, 0x07, 0x70, 0xe0, 0x1c, 0x03, 0x8e, 0x00,
    0x3b, 0xb0, 0x07, 0x38, 0xff, 0x9e, 0x73, 0xfe, 0x00, 0x11, 0x20, 0x07, 0x1c, 0xff, 0x9e, 0x73, 0xfe, 0x00,
    0x1d, 0xe0, 0x07, 0x1c, 0xff, 0x9f, 0x33, 0xfc, 0x00, 0x07, 0x80, 0x00, 0x00, 0x00, 0x00, 0x00, 0x00, 0x00,
    0x00, 0x00, 0x00, 0x00, 0x00, 0x00, 0x00, 0x00, 0x00, 0x00, 0x00, 0x00, 0x00, 0x00, 0x00, 0x00, 0x00, 0x00,
    0x00, 0x00, 0x00, 0x00, 0x00, 0x00, 0x00, 0x00, 0x00, 0x00, 0x00, 0x00, 0x00, 0x00, 0x00, 0x00, 0x00, 0x00,
    0x00, 0x00, 0x00, 0x00, 0x00, 0x00, 0x00, 0x00, 0x00, 0x00, 0x00, 0x00, 0x00, 0x00, 0x00, 0x00, 0x00, 0x00,
    0x00, 0x00, 0x00, 0x00, 0x00, 0x00, 0x00, 0x00, 0x00, 0x00, 0x00, 0x00, 0x00, 0x00, 0x00, 0x00, 0x00, 0x00,
    0x00, 0x00, 0x00, 0x00, 0x00, 0x00, 0x00, 0x00, 0x00, 0x00, 0x00, 0x00, 0x00, 0x00, 0x00, 0x00, 0x00, 0x00,
    0x00, 0x00, 0x00, 0x00, 0x00, 0x00, 0x00, 0x00, 0x00, 0x00, 0x00, 0x00, 0x00, 0x00, 0x00, 0x00, 0x00, 0x00,
    0x00, 0x00, 0x00, 0x00, 0x00, 0x00, 0x00, 0x00, 0x00, 0x00, 0x00, 0x00, 0x00, 0x00, 0x00, 0x00, 0x00, 0x00,
    0x00, 0x00, 0x00, 0x00, 0x00, 0x00, 0x00, 0x00, 0x00, 0x00, 0x00, 0x00, 0x00, 0x00, 0x00, 0x00, 0x00, 0x00,
    0x00, 0x00, 0x00, 0x00, 0x00, 0x00, 0x00, 0x00, 0x00, 0x00, 0x00, 0x00, 0x00, 0x00, 0x00, 0x00, 0x00, 0x00,
    0x00, 0x00, 0x00, 0x00, 0x00, 0x00, 0x00, 0x00, 0x00, 0x00, 0x00, 0x00, 0x00, 0x00, 0x00, 0x00, 0x00, 0x00,
};
const lv_img_dsc_t codekeeb_logo_42 = {
    .header.cf = LV_IMG_CF_INDEXED_1BIT,
    .header.always_zero = 0,
    .header.reserved = 0,
    .header.w = 69,
    .header.h = 68,
    .data_size = 620,
    .data = codekeeb_logo_42_map,
};

static const LV_ATTRIBUTE_MEM_ALIGN uint8_t codekeeb_logo_43_map[] = {
#if CONFIG_NICE_OLED_WIDGET_INVERTED
    0x00, 0x00, 0x00, 0xff, 0xff, 0xff, 0xff, 0xff,
#else
    0xff, 0xff, 0xff, 0xff, 0x00, 0x00, 0x00, 0xff,
#endif
    0x00, 0x00, 0x00, 0x00, 0x00, 0x00, 0x00, 0x00, 0x00, 0x00, 0x00, 0x00, 0x00, 0x00, 0x00, 0x00, 0x00, 0x00,
    0x00, 0x00, 0x00, 0x00, 0x00, 0x00, 0x00, 0x00, 0x00, 0x00, 0x00, 0x00, 0x00, 0x00, 0x00, 0x00, 0x00, 0x00,
    0x00, 0x00, 0x00, 0x00, 0x00, 0x00, 0x00, 0x00, 0x00, 0x00, 0x00, 0x00, 0x00, 0x00, 0x00, 0x00, 0x00, 0x00,
    0x00, 0x00, 0x00, 0x00, 0x00, 0x00, 0x00, 0x00, 0x00, 0x00, 0x00, 0x00, 0x00, 0x00, 0x00, 0x00, 0x00, 0x00,
    0x00, 0x00, 0x00, 0x00, 0x00, 0x00, 0x00, 0x00, 0x00, 0x00, 0x00, 0x00, 0x00, 0x00, 0x00, 0x00, 0x00, 0x00,
    0x00, 0x00, 0x00, 0x00, 0x00, 0x00, 0x00, 0x00, 0x00, 0x00, 0x00, 0x00, 0x00, 0x00, 0x00, 0x00, 0x00, 0x00,
    0x00, 0x00, 0x00, 0x00, 0x00, 0x00, 0x00, 0x00, 0x00, 0x00, 0x00, 0x00, 0x00, 0x00, 0x00, 0x00, 0x00, 0x00,
    0x00, 0x00, 0x00, 0x00, 0x00, 0x00, 0x00, 0x00, 0x00, 0x00, 0x00, 0x00, 0x00, 0x00, 0x00, 0x00, 0x00, 0x00,
    0x00, 0x00, 0x00, 0x00, 0x00, 0x00, 0x00, 0x00, 0x00, 0x00, 0x00, 0x00, 0x00, 0x00, 0x00, 0x00, 0x00, 0x00,
    0x00, 0x00, 0x00, 0x00, 0x00, 0x00, 0x00, 0x00, 0x00, 0x00, 0x00, 0x00, 0x00, 0x00, 0x00, 0x00, 0x00, 0x00,
    0x00, 0x1e, 0x00, 0x00, 0x00, 0x00, 0x00, 0x00, 0x00, 0x00, 0x77, 0x80, 0x1f, 0xc3, 0xf9, 0xfc, 0x3f, 0xe0,
    0x00, 0x7f, 0x80, 0x3f, 0xc7, 0xf8, 0xfe, 0x3f, 0xe0, 0x00, 0xd7, 0xc0, 0x7f, 0xcf, 0xf8, 0xff, 0x3f, 0xe0,
    0x01, 0xaf, 0x80, 0x70, 0x0e, 0x38, 0xc7, 0x38, 0x00, 0x01, 0x5d, 0x80, 0xe0, 0x1c, 0x70, 0x8e, 0x70, 0x00,
    0x01, 0xaf, 0x80, 0xe0, 0x1c, 0x72, 0x0e, 0x7f, 0x00, 0x01, 0x5d, 0x80, 0xe0, 0x1c, 0x72, 0x0e, 0x7f, 0x00,
    0x02, 0xbf, 0x00, 0xe0, 0x1c, 0x72, 0x0e, 0x70, 0x00, 0x03, 0x55, 0x01, 0xc0, 0x38, 0xe6, 0x1c, 0xe0, 0x00,
    0x02, 0xbf, 0x01, 0xff, 0x3f, 0xe7, 0x3c, 0xff, 0x80, 0x03, 0x55, 0x00, 0xff, 0x3f, 0xc7, 0x38, 0xff, 0x80,
    0x06, 0xbe, 0x00, 0x7f, 0x3f, 0x87, 0x30, 0xff, 0x80, 0x05, 0x76, 0x00, 0x00, 0x00, 0x00, 0x00, 0x00, 0x00,
    0x06, 0xbe, 0x00, 0x00, 0x00, 0x00, 0x00, 0x00, 0x00, 0x05, 0x76, 0x01, 0xc7, 0x3f, 0xe7, 0x9c, 0xff, 0x00,
    0x0a, 0xfc, 0x01, 0xce, 0x3f, 0xe7, 0x9c, 0xff, 0x80, 0x0d, 0x54, 0x01, 0xdc, 0x3f, 0xe7, 0x9c, 0xe3, 0x80,
    0x0a, 0xfc, 0x01, 0xf8, 0x38, 0x07, 0x00, 0xe3, 0x80, 0x0d, 0x54, 0x03, 0xe0, 0x70, 0x0e, 0x01, 0xce, 0x00,
    0x1a, 0xf8, 0x03, 0xc0, 0x7f, 0x0f, 0xc1, 0xfc, 0x00, 0x15, 0xd8, 0x03, 0xe0, 0x7f, 0x0f, 0xc1, 0xfe, 0x00,
    0x1a, 0xf8, 0x03, 0xf0, 0x70, 0x0e, 0x01, 0xc7, 0x00, 0x15, 0xd8, 0x07, 0x70, 0xe0, 0x1c, 0x03, 0x8e, 0x00,
    0x3b, 0xb0, 0x07, 0x38, 0xff, 0x9f, 0xe3, 0xfe, 0x00, 0x11, 0x20, 0x07, 0x1c, 0xff, 0x9f, 0xe3, 0xfe, 0x00,
    0x1d, 0xe0, 0x07, 0x1c, 0xff, 0x9f, 0xf3, 0xfc, 0x00, 0x07, 0x80, 0x00, 0x00, 0x00, 0x00, 0x00, 0x00, 0x00,
    0x00, 0x00, 0x00, 0x00, 0x00, 0x00, 0x00, 0x00, 0x00, 0x00, 0x00, 0x00, 0x00, 0x00, 0x00, 0x00, 0x00, 0x00,
    0x00, 0x00, 0x00, 0x00, 0x00, 0x00, 0x00, 0x00, 0x00, 0x00, 0x00, 0x00, 0x00, 0x00, 0x00, 0x00, 0x00, 0x00,
    0x00, 0x00, 0x00, 0x00, 0x00, 0x00, 0x00, 0x00, 0x00, 0x00, 0x00, 0x00, 0x00, 0x00, 0x00, 0x00, 0x00, 0x00,
    0x00, 0x00, 0x00, 0x00, 0x00, 0x00, 0x00, 0x00, 0x00, 0x00, 0x00, 0x00, 0x00, 0x00, 0x00, 0x00, 0x00, 0x00,
    0x00, 0x00, 0x00, 0x00, 0x00, 0x00, 0x00, 0x00, 0x00, 0x00, 0x00, 0x00, 0x00, 0x00, 0x00, 0x00, 0x00, 0x00,
    0x00, 0x00, 0x00, 0x00, 0x00, 0x00, 0x00, 0x00, 0x00, 0x00, 0x00, 0x00, 0x00, 0x00, 0x00, 0x00, 0x00, 0x00,
    0x00, 0x00, 0x00, 0x00, 0x00, 0x00, 0x00, 0x00, 0x00, 0x00, 0x00, 0x00, 0x00, 0x00, 0x00, 0x00, 0x00, 0x00,
    0x00, 0x00, 0x00, 0x00, 0x00, 0x00, 0x00, 0x00, 0x00, 0x00, 0x00, 0x00, 0x00, 0x00, 0x00, 0x00, 0x00, 0x00,
    0x00, 0x00, 0x00, 0x00, 0x00, 0x00, 0x00, 0x00, 0x00, 0x00, 0x00, 0x00, 0x00, 0x00, 0x00, 0x00, 0x00, 0x00,
    0x00, 0x00, 0x00, 0x00, 0x00, 0x00, 0x00, 0x00, 0x00, 0x00, 0x00, 0x00, 0x00, 0x00, 0x00, 0x00, 0x00, 0x00,
};
const lv_img_dsc_t codekeeb_logo_43 = {
    .header.cf = LV_IMG_CF_INDEXED_1BIT,
    .header.always_zero = 0,
    .header.reserved = 0,
    .header.w = 69,
    .header.h = 68,
    .data_size = 620,
    .data = codekeeb_logo_43_map,
};

static const LV_ATTRIBUTE_MEM_ALIGN uint8_t codekeeb_logo_44_map[] = {
#if CONFIG_NICE_OLED_WIDGET_INVERTED
    0x00, 0x00, 0x00, 0xff, 0xff, 0xff, 0xff, 0xff,
#else
    0xff, 0xff, 0xff, 0xff, 0x00, 0x00, 0x00, 0xff,
#endif
    0x00, 0x00, 0x00, 0x00, 0x00, 0x00, 0x00, 0x00, 0x00, 0x00, 0x00, 0x00, 0x00, 0x00, 0x00, 0x00, 0x00, 0x00,
    0x00, 0x00, 0x00, 0x00, 0x00, 0x00, 0x00, 0x00, 0x00, 0x00, 0x00, 0x00, 0x00, 0x00, 0x00, 0x00, 0x00, 0x00,
    0x00, 0x00, 0x00, 0x00, 0x00, 0x00, 0x00, 0x00, 0x00, 0x00, 0x00, 0x00, 0x00, 0x00, 0x00, 0x00, 0x00, 0x00,
    0x00, 0x00, 0x00, 0x00, 0x00, 0x00, 0x00, 0x00, 0x00, 0x00, 0x00, 0x00, 0x00, 0x00, 0x00, 0x00, 0x00, 0x00,
    0x00, 0x00, 0x00, 0x00, 0x00, 0x00, 0x00, 0x00, 0x00, 0x00, 0x00, 0x00, 0x00, 0x00, 0x00, 0x00, 0x00, 0x00,
    0x00, 0x00, 0x00, 0x00, 0x00, 0x00, 0x00, 0x00, 0x00, 0x00, 0x00, 0x00, 0x00, 0x00, 0x00, 0x00, 0x00, 0x00,
    0x00, 0x00, 0x00, 0x00, 0x00, 0x00, 0x00, 0x00, 0x00, 0x00, 0x00, 0x00, 0x00, 0x00, 0x00, 0x00, 0x00, 0x00,
    0x00, 0x00, 0x00, 0x00, 0x00, 0x00, 0x00, 0x00, 0x00, 0x00, 0x00, 0x00, 0x00, 0x00, 0x00, 0x00, 0x00, 0x00,
    0x00, 0x00, 0x00, 0x00, 0x00, 0x00, 0x00, 0x00, 0x00, 0x00, 0x00, 0x00, 0x00, 0x00, 0x00, 0x00, 0x00, 0x00,
    0x00, 0x00, 0x00, 0x00, 0x00, 0x00, 0x00, 0x00, 0x00, 0x00, 0x00, 0x00, 0x00, 0x00, 0x00, 0x00, 0x00, 0x00,
    0x00, 0x1e, 0x00, 0x00, 0x00, 0x00, 0x00, 0x00, 0x00, 0x00, 0x77, 0x80, 0x1f, 0xc3, 0xf9, 0x9c, 0x3f, 0xe0,
    0x00, 0x7f, 0x80, 0x3f, 0xc7, 0xf9, 0xce, 0x3f, 0xe0, 0x00, 0xd7, 0xc0, 0x7f, 0xcf, 0xf9, 0xcf, 0x3f, 0xe0,
    0x01, 0xaf, 0x80, 0x70, 0x0e, 0x39, 0xc7, 0x38, 0x00, 0x01, 0x5d, 0x80, 0xe0, 0x1c, 0x73, 0x8e, 0x70, 0x00,
    0x01, 0xaf, 0x80, 0xe0, 0x1c, 0x73, 0x86, 0x7f, 0x00, 0x01, 0x5d, 0x80, 0xe0, 0x1c, 0x73, 0x86, 0x7f, 0x00,
    0x02, 0xbf, 0x00, 0xe0, 0x1c, 0x73, 0x86, 0x70, 0x00, 0x03, 0x55, 0x01, 0xc0, 0x38, 0xe7, 0x04, 0xe0, 0x00,
    0x02, 0xbf, 0x01, 0xff, 0x3f, 0xe7, 0xf0, 0xff, 0x80, 0x03, 0x55, 0x00, 0xff, 0x3f, 0xc7, 0xf0, 0xff, 0x80,
    0x06, 0xbe, 0x00, 0x7f, 0x3f, 0x87, 0xf0, 0xff, 0x80, 0x05, 0x76, 0x00, 0x00, 0x00, 0x00, 0x00, 0x00, 0x00,
    0x06, 0xbe, 0x00, 0x00, 0x00, 0x00, 0x00, 0x00, 0x00, 0x05, 0x76, 0x01, 0xc7, 0x3f, 0xe7, 0xf8, 0xff, 0x00,
    0x0a, 0xfc, 0x01, 0xce, 0x3f, 0xe7, 0xf8, 0xff, 0x80, 0x0d, 0x54, 0x01, 0xdc, 0x3f, 0xe7, 0xf8, 0xe3, 0x80,
    0x0a, 0xfc, 0x01, 0xf8, 0x38, 0x07, 0x00, 0xe3, 0x80, 0x0d, 0x54, 0x03, 0xe0, 0x70, 0x0e, 0x00, 0xce, 0x00,
    0x1a, 0xf8, 0x03, 0xc0, 0x7f, 0x0f, 0xe0, 0xfc, 0x00, 0x15, 0xd8, 0x03, 0xe0, 0x7f, 0x0f, 0xe0, 0xfe, 0x80,
    0x1a, 0xf8, 0x03, 0xf0, 0x70, 0x0e, 0x00, 0x47, 0x80, 0x15, 0xd8, 0x07, 0x70, 0xe0, 0x1c, 0x02, 0x0f, 0xc0,
    0x3b, 0xb0, 0x07, 0x38, 0xff, 0x9f, 0xf2, 0x7e, 0x80, 0x11, 0x20, 0x07, 0x1c, 0xff, 0x9f, 0xf2, 0x7e, 0x80,
    0x1d, 0xe0, 0x07, 0x1c, 0xff, 0x9f, 0xf3, 0x3c, 0x00, 0x07, 0x80, 0x00, 0x00, 0x00, 0x00, 0x00, 0x00, 0x00,
    0x00, 0x00, 0x00, 0x00, 0x00, 0x00, 0x00, 0x00, 0x00, 0x00, 0x00, 0x00, 0x00, 0x00, 0x00, 0x00, 0x00, 0x00,
    0x00, 0x00, 0x00, 0x00, 0x00, 0x00, 0x00, 0x00, 0x00, 0x00, 0x00, 0x00, 0x00, 0x00, 0x00, 0x00, 0x00, 0x00,
    0x00, 0x00, 0x00, 0x00, 0x00, 0x00, 0x00, 0x00, 0x00, 0x00, 0x00, 0x00, 0x00, 0x00, 0x00, 0x00, 0x00, 0x00,
    0x00, 0x00, 0x00, 0x00, 0x00, 0x00, 0x00, 0x00, 0x00, 0x00, 0x00, 0x00, 0x00, 0x00, 0x00, 0x00, 0x00, 0x00,
    0x00, 0x00, 0x00, 0x00, 0x00, 0x00, 0x00, 0x00, 0x00, 0x00, 0x00, 0x00, 0x00, 0x00, 0x00, 0x00, 0x00, 0x00,
    0x00, 0x00, 0x00, 0x00, 0x00, 0x00, 0x00, 0x00, 0x00, 0x00, 0x00, 0x00, 0x00, 0x00, 0x00, 0x00, 0x00, 0x00,
    0x00, 0x00, 0x00, 0x00, 0x00, 0x00, 0x00, 0x00, 0x00, 0x00, 0x00, 0x00, 0x00, 0x00, 0x00, 0x00, 0x00, 0x00,
    0x00, 0x00, 0x00, 0x00, 0x00, 0x00, 0x00, 0x00, 0x00, 0x00, 0x00, 0x00, 0x00, 0x00, 0x00, 0x00, 0x00, 0x00,
    0x00, 0x00, 0x00, 0x00, 0x00, 0x00, 0x00, 0x00, 0x00, 0x00, 0x00, 0x00, 0x00, 0x00, 0x00, 0x00, 0x00, 0x00,
    0x00, 0x00, 0x00, 0x00, 0x00, 0x00, 0x00, 0x00, 0x00, 0x00, 0x00, 0x00, 0x00, 0x00, 0x00, 0x00, 0x00, 0x00,
};
const lv_img_dsc_t codekeeb_logo_44 = {
    .header.cf = LV_IMG_CF_INDEXED_1BIT,
    .header.always_zero = 0,
    .header.reserved = 0,
    .header.w = 69,
    .header.h = 68,
    .data_size = 620,
    .data = codekeeb_logo_44_map,
};

static const LV_ATTRIBUTE_MEM_ALIGN uint8_t codekeeb_logo_45_map[] = {
#if CONFIG_NICE_OLED_WIDGET_INVERTED
    0x00, 0x00, 0x00, 0xff, 0xff, 0xff, 0xff, 0xff,
#else
    0xff, 0xff, 0xff, 0xff, 0x00, 0x00, 0x00, 0xff,
#endif
    0x00, 0x00, 0x00, 0x00, 0x00, 0x00, 0x00, 0x00, 0x00, 0x00, 0x00, 0x00, 0x00, 0x00, 0x00, 0x00, 0x00, 0x00,
    0x00, 0x00, 0x00, 0x00, 0x00, 0x00, 0x00, 0x00, 0x00, 0x00, 0x00, 0x00, 0x00, 0x00, 0x00, 0x00, 0x00, 0x00,
    0x00, 0x00, 0x00, 0x00, 0x00, 0x00, 0x00, 0x00, 0x00, 0x00, 0x00, 0x00, 0x00, 0x00, 0x00, 0x00, 0x00, 0x00,
    0x00, 0x00, 0x00, 0x00, 0x00, 0x00, 0x00, 0x00, 0x00, 0x00, 0x00, 0x00, 0x00, 0x00, 0x00, 0x00, 0x00, 0x00,
    0x00, 0x00, 0x00, 0x00, 0x00, 0x00, 0x00, 0x00, 0x00, 0x00, 0x00, 0x00, 0x00, 0x00, 0x00, 0x00, 0x00, 0x00,
    0x00, 0x00, 0x00, 0x00, 0x00, 0x00, 0x00, 0x00, 0x00, 0x00, 0x00, 0x00, 0x00, 0x00, 0x00, 0x00, 0x00, 0x00,
    0x00, 0x00, 0x00, 0x00, 0x00, 0x00, 0x00, 0x00, 0x00, 0x00, 0x00, 0x00, 0x00, 0x00, 0x00, 0x00, 0x00, 0x00,
    0x00, 0x00, 0x00, 0x00, 0x00, 0x00, 0x00, 0x00, 0x00, 0x00, 0x00, 0x00, 0x00, 0x00, 0x00, 0x00, 0x00, 0x00,
    0x00, 0x00, 0x00, 0x00, 0x00, 0x00, 0x00, 0x00, 0x00, 0x00, 0x00, 0x00, 0x00, 0x00, 0x00, 0x00, 0x00, 0x00,
    0x00, 0x00, 0x00, 0x00, 0x00, 0x00, 0x00, 0x00, 0x00, 0x00, 0x00, 0x00, 0x00, 0x00, 0x00, 0x00, 0x00, 0x00,
    0x00, 0x1e, 0x00, 0x00, 0x00, 0x00, 0x00, 0x00, 0x00, 0x00, 0x77, 0x80, 0x1f, 0xc3, 0xf9, 0xf8, 0x3f, 0xe0,
    0x00, 0x7f, 0x80, 0x3f, 0xc7, 0xf9, 0xfc, 0x3f, 0xe0, 0x00, 0xd7, 0xc0, 0x7f, 0xcf, 0xf9, 0xfc, 0x3f, 0xe0,
    0x01, 0xaf, 0x80, 0x70, 0x0e, 0x39, 0xc4, 0x38, 0x00, 0x01, 0x5d, 0x80, 0xe0, 0x1c, 0x73, 0x8c, 0x70, 0x00,
    0x01, 0xaf, 0x80, 0xe0, 0x1c, 0x73, 0x8e, 0x7f, 0x00, 0x01, 0x5d, 0x80, 0xe0, 0x1c, 0x73, 0x8e, 0x7f, 0x00,
    0x02, 0xbf, 0x00, 0xe0, 0x1c, 0x73, 0x8e, 0x70, 0x00, 0x03, 0x55, 0x01, 0xc0, 0x38, 0xe7, 0x1c, 0x60, 0x00,
    0x02, 0xbf, 0x01, 0xff, 0x3f, 0xe7, 0xfc, 0x3f, 0x80, 0x03, 0x55, 0x00, 0xff, 0x3f, 0xc7, 0xf8, 0x3f, 0x80,
    0x06, 0xbe, 0x00, 0x7f, 0x3f, 0x87, 0xf0, 0x3f, 0x80, 0x05, 0x76, 0x00, 0x00, 0x00, 0x00, 0x00, 0x00, 0x00,
    0x06, 0xbe, 0x00, 0x00, 0x00, 0x00, 0x00, 0x00, 0x00, 0x05, 0x76, 0x01, 0xc7, 0x3f, 0xe7, 0xfc, 0x9f, 0x00,
    0x0a, 0xfc, 0x01, 0xce, 0x3f, 0xe7, 0xfc, 0x9f, 0x80, 0x0d, 0x54, 0x01, 0xdc, 0x3f, 0xe7, 0xfc, 0x83, 0x80,
    0x0a, 0xfc, 0x01, 0xf8, 0x38, 0x07, 0x00, 0xc3, 0x80, 0x0d, 0x54, 0x03, 0xe0, 0x70, 0x0e, 0x01, 0xce, 0x80,
    0x1a, 0xf8, 0x03, 0xc0, 0x7f, 0x0f, 0xe1, 0xcc, 0x80, 0x15, 0xd8, 0x03, 0xe0, 0x7f, 0x0f, 0xe1, 0xce, 0x80,
    0x1a, 0xf8, 0x03, 0xf0, 0x70, 0x0e, 0x01, 0xc7, 0xc0, 0x15, 0xd8, 0x07, 0x70, 0xe0, 0x1c, 0x03, 0x87, 0xe0,
    0x3b, 0xb0, 0x07, 0x38, 0xff, 0x9f, 0xf3, 0xe7, 0xc0, 0x11, 0x20, 0x07, 0x1c, 0xff, 0x9f, 0xf3, 0xe6, 0x80,
    0x1d, 0xe0, 0x07, 0x1c, 0xff, 0x9f, 0xf3, 0xf0, 0x80, 0x07, 0x80, 0x00, 0x00, 0x00, 0x00, 0x00, 0x00, 0x80,
    0x00, 0x00, 0x00, 0x00, 0x00, 0x00, 0x00, 0x00, 0x80, 0x00, 0x00, 0x00, 0x00, 0x00, 0x00, 0x00, 0x00, 0x00,
    0x00, 0x00, 0x00, 0x00, 0x00, 0x00, 0x00, 0x00, 0x00, 0x00, 0x00, 0x00, 0x00, 0x00, 0x00, 0x00, 0x00, 0x00,
    0x00, 0x00, 0x00, 0x00, 0x00, 0x00, 0x00, 0x00, 0x00, 0x00, 0x00, 0x00, 0x00, 0x00, 0x00, 0x00, 0x00, 0x00,
    0x00, 0x00, 0x00, 0x00, 0x00, 0x00, 0x00, 0x00, 0x00, 0x00, 0x00, 0x00, 0x00, 0x00, 0x00, 0x00, 0x00, 0x00,
    0x00, 0x00, 0x00, 0x00, 0x00, 0x00, 0x00, 0x00, 0x00, 0x00, 0x00, 0x00, 0x00, 0x00, 0x00, 0x00, 0x00, 0x00,
    0x00, 0x00, 0x00, 0x00, 0x00, 0x00, 0x00, 0x00, 0x00, 0x00, 0x00, 0x00, 0x00, 0x00, 0x00, 0x00, 0x00, 0x00,
    0x00, 0x00, 0x00, 0x00, 0x00, 0x00, 0x00, 0x00, 0x00, 0x00, 0x00, 0x00, 0x00, 0x00, 0x00, 0x00, 0x00, 0x00,
    0x00, 0x00, 0x00, 0x00, 0x00, 0x00, 0x00, 0x00, 0x00, 0x00, 0x00, 0x00, 0x00, 0x00, 0x00, 0x00, 0x00, 0x00,
    0x00, 0x00, 0x00, 0x00, 0x00, 0x00, 0x00, 0x00, 0x00, 0x00, 0x00, 0x00, 0x00, 0x00, 0x00, 0x00, 0x00, 0x00,
    0x00, 0x00, 0x00, 0x00, 0x00, 0x00, 0x00, 0x00, 0x00, 0x00, 0x00, 0x00, 0x00, 0x00, 0x00, 0x00, 0x00, 0x00,
};
const lv_img_dsc_t codekeeb_logo_45 = {
    .header.cf = LV_IMG_CF_INDEXED_1BIT,
    .header.always_zero = 0,
    .header.reserved = 0,
    .header.w = 69,
    .header.h = 68,
    .data_size = 620,
    .data = codekeeb_logo_45_map,
};

static const LV_ATTRIBUTE_MEM_ALIGN uint8_t codekeeb_logo_46_map[] = {
#if CONFIG_NICE_OLED_WIDGET_INVERTED
    0x00, 0x00, 0x00, 0xff, 0xff, 0xff, 0xff, 0xff,
#else
    0xff, 0xff, 0xff, 0xff, 0x00, 0x00, 0x00, 0xff,
#endif
    0x00, 0x00, 0x00, 0x00, 0x00, 0x00, 0x00, 0x00, 0x00, 0x00, 0x00, 0x00, 0x00, 0x00, 0x00, 0x00, 0x00, 0x00,
    0x00, 0x00, 0x00, 0x00, 0x00, 0x00, 0x00, 0x00, 0x00, 0x00, 0x00, 0x00, 0x00, 0x00, 0x00, 0x00, 0x00, 0x00,
    0x00, 0x00, 0x00, 0x00, 0x00, 0x00, 0x00, 0x00, 0x00, 0x00, 0x00, 0x00, 0x00, 0x00, 0x00, 0x00, 0x00, 0x00,
    0x00, 0x00, 0x00, 0x00, 0x00, 0x00, 0x00, 0x00, 0x00, 0x00, 0x00, 0x00, 0x00, 0x00, 0x00, 0x00, 0x00, 0x00,
    0x00, 0x00, 0x00, 0x00, 0x00, 0x00, 0x00, 0x00, 0x00, 0x00, 0x00, 0x00, 0x00, 0x00, 0x00, 0x00, 0x00, 0x00,
    0x00, 0x00, 0x00, 0x00, 0x00, 0x00, 0x00, 0x00, 0x00, 0x00, 0x00, 0x00, 0x00, 0x00, 0x00, 0x00, 0x00, 0x00,
    0x00, 0x00, 0x00, 0x00, 0x00, 0x00, 0x00, 0x00, 0x00, 0x00, 0x00, 0x00, 0x00, 0x00, 0x00, 0x00, 0x00, 0x00,
    0x00, 0x00, 0x00, 0x00, 0x00, 0x00, 0x00, 0x00, 0x00, 0x00, 0x00, 0x00, 0x00, 0x00, 0x00, 0x00, 0x00, 0x00,
    0x00, 0x00, 0x00, 0x00, 0x00, 0x00, 0x00, 0x00, 0x00, 0x00, 0x00, 0x00, 0x00, 0x00, 0x00, 0x00, 0x00, 0x00,
    0x00, 0x00, 0x00, 0x00, 0x00, 0x00, 0x00, 0x00, 0x00, 0x00, 0x00, 0x00, 0x00, 0x00, 0x00, 0x00, 0x00, 0x00,
    0x00, 0x1e, 0x00, 0x00, 0x00, 0x00, 0x00, 0x00, 0x00, 0x00, 0x7f, 0x80, 0x1f, 0xc3, 0xf9, 0xfc, 0x3f, 0xe0,
    0x00, 0x6f, 0x80, 0x3f, 0xc7, 0xf9, 0xfe, 0x3f, 0xe0, 0x00, 0xdf, 0xc0, 0x7f, 0xcf, 0xf9, 0xff, 0x3f, 0xe0,
    0x01, 0xbf, 0x80, 0x70, 0x0e, 0x39, 0xc7, 0x38, 0x00, 0x01, 0x55, 0x80, 0xe0, 0x1c, 0x73, 0x8e, 0x70, 0x00,
    0x01, 0xbf, 0x80, 0xe0, 0x1c, 0x73, 0x8e, 0x7f, 0x00, 0x01, 0x55, 0x80, 0xe0, 0x1c, 0x73, 0x8e, 0x7f, 0x00,
    0x02, 0xbf, 0x00, 0xe0, 0x1c, 0x73, 0x8e, 0x70, 0x00, 0x03, 0x75, 0x01, 0xc0, 0x38, 0xe7, 0x1c, 0xe0, 0x00,
    0x02, 0xbf, 0x01, 0xff, 0x3f, 0xe7, 0xfc, 0xff, 0x80, 0x03, 0x75, 0x00, 0xff, 0x3f, 0xc7, 0xf8, 0xff, 0x80,
    0x06, 0xfe, 0x00, 0x7f, 0x3f, 0x87, 0xf0, 0xff, 0x80, 0x05, 0x56, 0x00, 0x00, 0x00, 0x00, 0x00, 0x00, 0x00,
    0x06, 0xfe, 0x00, 0x00, 0x00, 0x00, 0x00, 0x00, 0x00, 0x05, 0x56, 0x01, 0xc7, 0x3f, 0xe7, 0xfc, 0xff, 0x00,
    0x0a, 0xfc, 0x01, 0xce, 0x3f, 0xe7, 0xfc, 0xff, 0x80, 0x0d, 0xd4, 0x01, 0xdc, 0x3f, 0xe7, 0xfc, 0xe3, 0x80,
    0x0a, 0xfc, 0x01, 0xf8, 0x38, 0x07, 0x00, 0xe3, 0x80, 0x0d, 0xd4, 0x03, 0xe0, 0x70, 0x0e, 0x01, 0xce, 0x80,
    0x1b, 0xf8, 0x03, 0xc0, 0x7f, 0x0f, 0xe1, 0xfc, 0x80, 0x15, 0x58, 0x03, 0xe0, 0x7f, 0x0f, 0xe1, 0xfe, 0x80,
    0x1b, 0xf8, 0x03, 0xf0, 0x70, 0x0e, 0x01, 0xc7, 0xc0, 0x11, 0x58, 0x07, 0x70, 0xe0, 0x1c, 0x03, 0x8f, 0xf0,
    0x3a, 0xb0, 0x07, 0x38, 0xff, 0x9f, 0xf3, 0xff, 0xc0, 0x12, 0x20, 0x07, 0x1c, 0xff, 0x9f, 0xf3, 0xfe, 0x80,
    0x1e, 0xe0, 0x07, 0x1c, 0xff, 0x9f, 0xf3, 0xfc, 0x80, 0x07, 0x80, 0x00, 0x00, 0x00, 0x00, 0x00, 0x00, 0x80,
    0x00, 0x00, 0x00, 0x00, 0x00, 0x00, 0x00, 0x00, 0x80, 0x00, 0x00, 0x00, 0x00, 0x00, 0x00, 0x00, 0x00, 0x80,
    0x00, 0x00, 0x00, 0x00, 0x00, 0x00, 0x00, 0x00, 0x00, 0x00, 0x00, 0x00, 0x00, 0x00, 0x00, 0x00, 0x00, 0x00,
    0x00, 0x00, 0x00, 0x00, 0x00, 0x00, 0x00, 0x00, 0x00, 0x00, 0x00, 0x00, 0x00, 0x00, 0x00, 0x00, 0x00, 0x00,
    0x00, 0x00, 0x00, 0x00, 0x00, 0x00, 0x00, 0x00, 0x00, 0x00, 0x00, 0x00, 0x00, 0x00, 0x00, 0x00, 0x00, 0x00,
    0x00, 0x00, 0x00, 0x00, 0x00, 0x00, 0x00, 0x00, 0x00, 0x00, 0x00, 0x00, 0x00, 0x00, 0x00, 0x00, 0x00, 0x00,
    0x00, 0x00, 0x00, 0x00, 0x00, 0x00, 0x00, 0x00, 0x00, 0x00, 0x00, 0x00, 0x00, 0x00, 0x00, 0x00, 0x00, 0x00,
    0x00, 0x00, 0x00, 0x00, 0x00, 0x00, 0x00, 0x00, 0x00, 0x00, 0x00, 0x00, 0x00, 0x00, 0x00, 0x00, 0x00, 0x00,
    0x00, 0x00, 0x00, 0x00, 0x00, 0x00, 0x00, 0x00, 0x00, 0x00, 0x00, 0x00, 0x00, 0x00, 0x00, 0x00, 0x00, 0x00,
    0x00, 0x00, 0x00, 0x00, 0x00, 0x00, 0x00, 0x00, 0x00, 0x00, 0x00, 0x00, 0x00, 0x00, 0x00, 0x00, 0x00, 0x00,
    0x00, 0x00, 0x00, 0x00, 0x00, 0x00, 0x00, 0x00, 0x00, 0x00, 0x00, 0x00, 0x00, 0x00, 0x00, 0x00, 0x00, 0x00,
};
const lv_img_dsc_t codekeeb_logo_46 = {
    .header.cf = LV_IMG_CF_INDEXED_1BIT,
    .header.always_zero = 0,
    .header.reserved = 0,
    .header.w = 69,
    .header.h = 68,
    .data_size = 620,
    .data = codekeeb_logo_46_map,
};

static const LV_ATTRIBUTE_MEM_ALIGN uint8_t codekeeb_logo_47_map[] = {
#if CONFIG_NICE_OLED_WIDGET_INVERTED
    0x00, 0x00, 0x00, 0xff, 0xff, 0xff, 0xff, 0xff,
#else
    0xff, 0xff, 0xff, 0xff, 0x00, 0x00, 0x00, 0xff,
#endif
    0x00, 0x00, 0x00, 0x00, 0x00, 0x00, 0x00, 0x00, 0x00, 0x00, 0x00, 0x00, 0x00, 0x00, 0x00, 0x00, 0x00, 0x00,
    0x00, 0x00, 0x00, 0x00, 0x00, 0x00, 0x00, 0x00, 0x00, 0x00, 0x00, 0x00, 0x00, 0x00, 0x00, 0x00, 0x00, 0x00,
    0x00, 0x00, 0x00, 0x00, 0x00, 0x00, 0x00, 0x00, 0x00, 0x00, 0x00, 0x00, 0x00, 0x00, 0x00, 0x00, 0x00, 0x00,
    0x00, 0x00, 0x00, 0x00, 0x00, 0x00, 0x00, 0x00, 0x00, 0x00, 0x00, 0x00, 0x00, 0x00, 0x00, 0x00, 0x00, 0x00,
    0x00, 0x00, 0x00, 0x00, 0x00, 0x00, 0x00, 0x00, 0x00, 0x00, 0x00, 0x00, 0x00, 0x00, 0x00, 0x00, 0x00, 0x00,
    0x00, 0x00, 0x00, 0x00, 0x00, 0x00, 0x00, 0x00, 0x00, 0x00, 0x00, 0x00, 0x00, 0x00, 0x00, 0x00, 0x00, 0x00,
    0x00, 0x00, 0x00, 0x00, 0x00, 0x00, 0x00, 0x00, 0x00, 0x00, 0x00, 0x00, 0x00, 0x00, 0x00, 0x00, 0x00, 0x00,
    0x00, 0x00, 0x00, 0x00, 0x00, 0x00, 0x00, 0x00, 0x00, 0x00, 0x00, 0x00, 0x00, 0x00, 0x00, 0x00, 0x00, 0x00,
    0x00, 0x00, 0x00, 0x00, 0x00, 0x00, 0x00, 0x00, 0x00, 0x00, 0x00, 0x00, 0x00, 0x00, 0x00, 0x00, 0x00, 0x00,
    0x00, 0x00, 0x00, 0x00, 0x00, 0x00, 0x00, 0x00, 0x00, 0x00, 0x00, 0x00, 0x00, 0x00, 0x00, 0x00, 0x00, 0x00,
    0x00, 0x1e, 0x00, 0x00, 0x00, 0x00, 0x00, 0x00, 0x00, 0x00, 0x7f, 0x80, 0x1f, 0xc3, 0xf9, 0xfc, 0x3f, 0xe0,
    0x00, 0x6f, 0x80, 0x3f, 0xc7, 0xf9, 0xfe, 0x3f, 0xe0, 0x00, 0xdf, 0xc0, 0x7f, 0xcf, 0xf9, 0xff, 0x3f, 0xe0,
    0x01, 0xbf, 0x80, 0x70, 0x0e, 0x39, 0xc7, 0x38, 0x00, 0x01, 0x15, 0x80, 0xe0, 0x1c, 0x73, 0x8e, 0x70, 0x00,
    0x01, 0xbf, 0x80, 0xe0, 0x1c, 0x73, 0x8e, 0x7f, 0x00, 0x01, 0x15, 0x80, 0xe0, 0x1c, 0x73, 0x8e, 0x7f, 0x00,
    0x02, 0xbf, 0x00, 0xe0, 0x1c, 0x73, 0x8e, 0x70, 0x00, 0x02, 0x37, 0x01, 0xc0, 0x38, 0xe7, 0x1c, 0xe0, 0x00,
    0x02, 0xbf, 0x01, 0xff, 0x3f, 0xe7, 0xfc, 0xff, 0x80, 0x02, 0x37, 0x00, 0xff, 0x3f, 0xc7, 0xf8, 0xff, 0x80,
    0x06, 0xfe, 0x00, 0x7f, 0x3f, 0x87, 0xf0, 0xff, 0x80, 0x04, 0x56, 0x00, 0x00, 0x00, 0x00, 0x00, 0x00, 0x00,
    0x06, 0xfe, 0x00, 0x00, 0x00, 0x00, 0x00, 0x00, 0x00, 0x04, 0x56, 0x01, 0xc7, 0x3f, 0xe7, 0xfc, 0xff, 0x00,
    0x0a, 0xfc, 0x01, 0xce, 0x3f, 0xe7, 0xfc, 0xff, 0x80, 0x08, 0xdc, 0x01, 0xdc, 0x3f, 0xe7, 0xfc, 0xe3, 0x80,
    0x0a, 0xfc, 0x01, 0xf8, 0x38, 0x07, 0x00, 0xe3, 0x80, 0x08, 0xdc, 0x03, 0xe0, 0x70, 0x0e, 0x01, 0xce, 0x80,
    0x1b, 0xf8, 0x03, 0xc0, 0x7f, 0x0f, 0xe1, 0xfc, 0x80, 0x11, 0x58, 0x03, 0xe0, 0x7f, 0x0f, 0xe1, 0xfe, 0x80,
    0x1b, 0xf8, 0x03, 0xf0, 0x70, 0x0e, 0x01, 0xc7, 0xc0, 0x11, 0x58, 0x07, 0x70, 0xe0, 0x1c, 0x03, 0x8f, 0xe0,
    0x32, 0xb0, 0x07, 0x38, 0xff, 0x9f, 0xf3, 0xff, 0xc0, 0x12, 0x20, 0x07, 0x1c, 0xff, 0x9f, 0xf3, 0xfe, 0x80,
    0x1e, 0xe0, 0x07, 0x1c, 0xff, 0x9f, 0xf3, 0xfc, 0x80, 0x07, 0x80, 0x00, 0x00, 0x00, 0x00, 0x00, 0x00, 0x80,
    0x00, 0x00, 0x00, 0x00, 0x00, 0x00, 0x00, 0x00, 0x80, 0x00, 0x00, 0x00, 0x00, 0x00, 0x00, 0x00, 0x00, 0x00,
    0x00, 0x00, 0x00, 0x00, 0x00, 0x00, 0x00, 0x00, 0x00, 0x00, 0x00, 0x00, 0x00, 0x00, 0x00, 0x00, 0x00, 0x00,
    0x00, 0x00, 0x00, 0x00, 0x00, 0x00, 0x00, 0x00, 0x00, 0x00, 0x00, 0x00, 0x00, 0x00, 0x00, 0x00, 0x00, 0x00,
    0x00, 0x00, 0x00, 0x00, 0x00, 0x00, 0x00, 0x00, 0x00, 0x00, 0x00, 0x00, 0x00, 0x00, 0x00, 0x00, 0x00, 0x00,
    0x00, 0x00, 0x00, 0x00, 0x00, 0x00, 0x00, 0x00, 0x00, 0x00, 0x00, 0x00, 0x00, 0x00, 0x00, 0x00, 0x00, 0x00,
    0x00, 0x00, 0x00, 0x00, 0x00, 0x00, 0x00, 0x00, 0x00, 0x00, 0x00, 0x00, 0x00, 0x00, 0x00, 0x00, 0x00, 0x00,
    0x00, 0x00, 0x00, 0x00, 0x00, 0x00, 0x00, 0x00, 0x00, 0x00, 0x00, 0x00, 0x00, 0x00, 0x00, 0x00, 0x00, 0x00,
    0x00, 0x00, 0x00, 0x00, 0x00, 0x00, 0x00, 0x00, 0x00, 0x00, 0x00, 0x00, 0x00, 0x00, 0x00, 0x00, 0x00, 0x00,
    0x00, 0x00, 0x00, 0x00, 0x00, 0x00, 0x00, 0x00, 0x00, 0x00, 0x00, 0x00, 0x00, 0x00, 0x00, 0x00, 0x00, 0x00,
    0x00, 0x00, 0x00, 0x00, 0x00, 0x00, 0x00, 0x00, 0x00, 0x00, 0x00, 0x00, 0x00, 0x00, 0x00, 0x00, 0x00, 0x00,
};
const lv_img_dsc_t codekeeb_logo_47 = {
    .header.cf = LV_IMG_CF_INDEXED_1BIT,
    .header.always_zero = 0,
    .header.reserved = 0,
    .header.w = 69,
    .header.h = 68,
    .data_size = 620,
    .data = codekeeb_logo_47_map,
};
